frame_path,source_dataset,source_label,source_video_path,standing,sitting,lying_down,crouching,arms_raised,walking,running,jumping,cycling,driving,dancing,playing,working,eating,drinking,exercising,still,moving,fast_motion,falling
data/external/actions/ucf101_frames_debug/apply_eye_makeup/v_ApplyEyeMakeup_g01_c02_frame_000041.jpg,ucf101,apply_eye_makeup,data\external\actions\UCF101\ApplyEyeMakeup\v_ApplyEyeMakeup_g01_c02.avi,1,0,0,0,0,0,0,0,0,0,0,0,0,0,0,0,1,0,0,0
data/external/actions/ucf101_frames_debug/apply_eye_makeup/v_ApplyEyeMakeup_g01_c02_frame_000082.jpg,ucf101,apply_eye_makeup,data\external\actions\UCF101\ApplyEyeMakeup\v_ApplyEyeMakeup_g01_c02.avi,1,0,0,0,0,0,0,0,0,0,0,0,0,0,0,0,1,0,0,0
data/external/actions/ucf101_frames_debug/apply_eye_makeup/v_ApplyEyeMakeup_g01_c04_frame_000078.jpg,ucf101,apply_eye_makeup,data\external\actions\UCF101\ApplyEyeMakeup\v_ApplyEyeMakeup_g01_c04.avi,1,0,0,0,0,0,0,0,0,0,0,0,0,0,0,0,1,0,0,0
data/external/actions/ucf101_frames_debug/apply_eye_makeup/v_ApplyEyeMakeup_g01_c04_frame_000156.jpg,ucf101,apply_eye_makeup,data\external\actions\UCF101\ApplyEyeMakeup\v_ApplyEyeMakeup_g01_c04.avi,1,0,0,0,0,0,0,0,0,0,0,0,0,0,0,0,1,0,0,0
data/external/actions/ucf101_frames_debug/apply_eye_makeup/v_ApplyEyeMakeup_g02_c01_frame_000056.jpg,ucf101,apply_eye_makeup,data\external\actions\UCF101\ApplyEyeMakeup\v_ApplyEyeMakeup_g02_c01.avi,1,0,0,0,0,0,0,0,0,0,0,0,0,0,0,0,1,0,0,0
data/external/actions/ucf101_frames_debug/apply_eye_makeup/v_ApplyEyeMakeup_g02_c01_frame_000113.jpg,ucf101,apply_eye_makeup,data\external\actions\UCF101\ApplyEyeMakeup\v_ApplyEyeMakeup_g02_c01.avi,1,0,0,0,0,0,0,0,0,0,0,0,0,0,0,0,1,0,0,0
data/external/actions/ucf101_frames_debug/apply_eye_makeup/v_ApplyEyeMakeup_g02_c04_frame_000056.jpg,ucf101,apply_eye_makeup,data\external\actions\UCF101\ApplyEyeMakeup\v_ApplyEyeMakeup_g02_c04.avi,1,0,0,0,0,0,0,0,0,0,0,0,0,0,0,0,1,0,0,0
data/external/actions/ucf101_frames_debug/apply_eye_makeup/v_ApplyEyeMakeup_g02_c04_frame_000113.jpg,ucf101,apply_eye_makeup,data\external\actions\UCF101\ApplyEyeMakeup\v_ApplyEyeMakeup_g02_c04.avi,1,0,0,0,0,0,0,0,0,0,0,0,0,0,0,0,1,0,0,0
data/external/actions/ucf101_frames_debug/apply_eye_makeup/v_ApplyEyeMakeup_g04_c07_frame_000052.jpg,ucf101,apply_eye_makeup,data\external\actions\UCF101\ApplyEyeMakeup\v_ApplyEyeMakeup_g04_c07.avi,1,0,0,0,0,0,0,0,0,0,0,0,0,0,0,0,1,0,0,0
data/external/actions/ucf101_frames_debug/apply_eye_makeup/v_ApplyEyeMakeup_g04_c07_frame_000105.jpg,ucf101,apply_eye_makeup,data\external\actions\UCF101\ApplyEyeMakeup\v_ApplyEyeMakeup_g04_c07.avi,1,0,0,0,0,0,0,0,0,0,0,0,0,0,0,0,1,0,0,0
data/external/actions/ucf101_frames_debug/apply_eye_makeup/v_ApplyEyeMakeup_g05_c03_frame_000052.jpg,ucf101,apply_eye_makeup,data\external\actions\UCF101\ApplyEyeMakeup\v_ApplyEyeMakeup_g05_c03.avi,1,0,0,0,0,0,0,0,0,0,0,0,0,0,0,0,1,0,0,0
data/external/actions/ucf101_frames_debug/apply_eye_makeup/v_ApplyEyeMakeup_g05_c03_frame_000105.jpg,ucf101,apply_eye_makeup,data\external\actions\UCF101\ApplyEyeMakeup\v_ApplyEyeMakeup_g05_c03.avi,1,0,0,0,0,0,0,0,0,0,0,0,0,0,0,0,1,0,0,0
data/external/actions/ucf101_frames_debug/apply_eye_makeup/v_ApplyEyeMakeup_g05_c05_frame_000075.jpg,ucf101,apply_eye_makeup,data\external\actions\UCF101\ApplyEyeMakeup\v_ApplyEyeMakeup_g05_c05.avi,1,0,0,0,0,0,0,0,0,0,0,0,0,0,0,0,1,0,0,0
data/external/actions/ucf101_frames_debug/apply_eye_makeup/v_ApplyEyeMakeup_g05_c05_frame_000151.jpg,ucf101,apply_eye_makeup,data\external\actions\UCF101\ApplyEyeMakeup\v_ApplyEyeMakeup_g05_c05.avi,1,0,0,0,0,0,0,0,0,0,0,0,0,0,0,0,1,0,0,0
data/external/actions/ucf101_frames_debug/apply_eye_makeup/v_ApplyEyeMakeup_g06_c02_frame_000046.jpg,ucf101,apply_eye_makeup,data\external\actions\UCF101\ApplyEyeMakeup\v_ApplyEyeMakeup_g06_c02.avi,1,0,0,0,0,0,0,0,0,0,0,0,0,0,0,0,1,0,0,0
data/external/actions/ucf101_frames_debug/apply_eye_makeup/v_ApplyEyeMakeup_g06_c02_frame_000092.jpg,ucf101,apply_eye_makeup,data\external\actions\UCF101\ApplyEyeMakeup\v_ApplyEyeMakeup_g06_c02.avi,1,0,0,0,0,0,0,0,0,0,0,0,0,0,0,0,1,0,0,0
data/external/actions/ucf101_frames_debug/apply_eye_makeup/v_ApplyEyeMakeup_g09_c01_frame_000058.jpg,ucf101,apply_eye_makeup,data\external\actions\UCF101\ApplyEyeMakeup\v_ApplyEyeMakeup_g09_c01.avi,1,0,0,0,0,0,0,0,0,0,0,0,0,0,0,0,1,0,0,0
data/external/actions/ucf101_frames_debug/apply_eye_makeup/v_ApplyEyeMakeup_g09_c01_frame_000117.jpg,ucf101,apply_eye_makeup,data\external\actions\UCF101\ApplyEyeMakeup\v_ApplyEyeMakeup_g09_c01.avi,1,0,0,0,0,0,0,0,0,0,0,0,0,0,0,0,1,0,0,0
data/external/actions/ucf101_frames_debug/apply_eye_makeup/v_ApplyEyeMakeup_g10_c01_frame_000051.jpg,ucf101,apply_eye_makeup,data\external\actions\UCF101\ApplyEyeMakeup\v_ApplyEyeMakeup_g10_c01.avi,1,0,0,0,0,0,0,0,0,0,0,0,0,0,0,0,1,0,0,0
data/external/actions/ucf101_frames_debug/apply_eye_makeup/v_ApplyEyeMakeup_g10_c01_frame_000102.jpg,ucf101,apply_eye_makeup,data\external\actions\UCF101\ApplyEyeMakeup\v_ApplyEyeMakeup_g10_c01.avi,1,0,0,0,0,0,0,0,0,0,0,0,0,0,0,0,1,0,0,0
data/external/actions/ucf101_frames_debug/apply_eye_makeup/v_ApplyEyeMakeup_g14_c02_frame_000062.jpg,ucf101,apply_eye_makeup,data\external\actions\UCF101\ApplyEyeMakeup\v_ApplyEyeMakeup_g14_c02.avi,1,0,0,0,0,0,0,0,0,0,0,0,0,0,0,0,1,0,0,0
data/external/actions/ucf101_frames_debug/apply_eye_makeup/v_ApplyEyeMakeup_g14_c02_frame_000124.jpg,ucf101,apply_eye_makeup,data\external\actions\UCF101\ApplyEyeMakeup\v_ApplyEyeMakeup_g14_c02.avi,1,0,0,0,0,0,0,0,0,0,0,0,0,0,0,0,1,0,0,0
data/external/actions/ucf101_frames_debug/apply_eye_makeup/v_ApplyEyeMakeup_g14_c05_frame_000053.jpg,ucf101,apply_eye_makeup,data\external\actions\UCF101\ApplyEyeMakeup\v_ApplyEyeMakeup_g14_c05.avi,1,0,0,0,0,0,0,0,0,0,0,0,0,0,0,0,1,0,0,0
data/external/actions/ucf101_frames_debug/apply_eye_makeup/v_ApplyEyeMakeup_g14_c05_frame_000106.jpg,ucf101,apply_eye_makeup,data\external\actions\UCF101\ApplyEyeMakeup\v_ApplyEyeMakeup_g14_c05.avi,1,0,0,0,0,0,0,0,0,0,0,0,0,0,0,0,1,0,0,0
data/external/actions/ucf101_frames_debug/apply_eye_makeup/v_ApplyEyeMakeup_g16_c03_frame_000038.jpg,ucf101,apply_eye_makeup,data\external\actions\UCF101\ApplyEyeMakeup\v_ApplyEyeMakeup_g16_c03.avi,1,0,0,0,0,0,0,0,0,0,0,0,0,0,0,0,1,0,0,0
data/external/actions/ucf101_frames_debug/apply_eye_makeup/v_ApplyEyeMakeup_g16_c03_frame_000076.jpg,ucf101,apply_eye_makeup,data\external\actions\UCF101\ApplyEyeMakeup\v_ApplyEyeMakeup_g16_c03.avi,1,0,0,0,0,0,0,0,0,0,0,0,0,0,0,0,1,0,0,0
data/external/actions/ucf101_frames_debug/apply_eye_makeup/v_ApplyEyeMakeup_g17_c03_frame_000031.jpg,ucf101,apply_eye_makeup,data\external\actions\UCF101\ApplyEyeMakeup\v_ApplyEyeMakeup_g17_c03.avi,1,0,0,0,0,0,0,0,0,0,0,0,0,0,0,0,1,0,0,0
data/external/actions/ucf101_frames_debug/apply_eye_makeup/v_ApplyEyeMakeup_g17_c03_frame_000062.jpg,ucf101,apply_eye_makeup,data\external\actions\UCF101\ApplyEyeMakeup\v_ApplyEyeMakeup_g17_c03.avi,1,0,0,0,0,0,0,0,0,0,0,0,0,0,0,0,1,0,0,0
data/external/actions/ucf101_frames_debug/apply_eye_makeup/v_ApplyEyeMakeup_g17_c05_frame_000060.jpg,ucf101,apply_eye_makeup,data\external\actions\UCF101\ApplyEyeMakeup\v_ApplyEyeMakeup_g17_c05.avi,1,0,0,0,0,0,0,0,0,0,0,0,0,0,0,0,1,0,0,0
data/external/actions/ucf101_frames_debug/apply_eye_makeup/v_ApplyEyeMakeup_g17_c05_frame_000121.jpg,ucf101,apply_eye_makeup,data\external\actions\UCF101\ApplyEyeMakeup\v_ApplyEyeMakeup_g17_c05.avi,1,0,0,0,0,0,0,0,0,0,0,0,0,0,0,0,1,0,0,0
data/external/actions/ucf101_frames_debug/apply_eye_makeup/v_ApplyEyeMakeup_g20_c02_frame_000052.jpg,ucf101,apply_eye_makeup,data\external\actions\UCF101\ApplyEyeMakeup\v_ApplyEyeMakeup_g20_c02.avi,1,0,0,0,0,0,0,0,0,0,0,0,0,0,0,0,1,0,0,0
data/external/actions/ucf101_frames_debug/apply_eye_makeup/v_ApplyEyeMakeup_g20_c02_frame_000105.jpg,ucf101,apply_eye_makeup,data\external\actions\UCF101\ApplyEyeMakeup\v_ApplyEyeMakeup_g20_c02.avi,1,0,0,0,0,0,0,0,0,0,0,0,0,0,0,0,1,0,0,0
data/external/actions/ucf101_frames_debug/apply_eye_makeup/v_ApplyEyeMakeup_g21_c01_frame_000060.jpg,ucf101,apply_eye_makeup,data\external\actions\UCF101\ApplyEyeMakeup\v_ApplyEyeMakeup_g21_c01.avi,1,0,0,0,0,0,0,0,0,0,0,0,0,0,0,0,1,0,0,0
data/external/actions/ucf101_frames_debug/apply_eye_makeup/v_ApplyEyeMakeup_g21_c01_frame_000120.jpg,ucf101,apply_eye_makeup,data\external\actions\UCF101\ApplyEyeMakeup\v_ApplyEyeMakeup_g21_c01.avi,1,0,0,0,0,0,0,0,0,0,0,0,0,0,0,0,1,0,0,0
data/external/actions/ucf101_frames_debug/apply_eye_makeup/v_ApplyEyeMakeup_g23_c03_frame_000041.jpg,ucf101,apply_eye_makeup,data\external\actions\UCF101\ApplyEyeMakeup\v_ApplyEyeMakeup_g23_c03.avi,1,0,0,0,0,0,0,0,0,0,0,0,0,0,0,0,1,0,0,0
data/external/actions/ucf101_frames_debug/apply_eye_makeup/v_ApplyEyeMakeup_g23_c03_frame_000083.jpg,ucf101,apply_eye_makeup,data\external\actions\UCF101\ApplyEyeMakeup\v_ApplyEyeMakeup_g23_c03.avi,1,0,0,0,0,0,0,0,0,0,0,0,0,0,0,0,1,0,0,0
data/external/actions/ucf101_frames_debug/apply_eye_makeup/v_ApplyEyeMakeup_g24_c03_frame_000034.jpg,ucf101,apply_eye_makeup,data\external\actions\UCF101\ApplyEyeMakeup\v_ApplyEyeMakeup_g24_c03.avi,1,0,0,0,0,0,0,0,0,0,0,0,0,0,0,0,1,0,0,0
data/external/actions/ucf101_frames_debug/apply_eye_makeup/v_ApplyEyeMakeup_g24_c03_frame_000068.jpg,ucf101,apply_eye_makeup,data\external\actions\UCF101\ApplyEyeMakeup\v_ApplyEyeMakeup_g24_c03.avi,1,0,0,0,0,0,0,0,0,0,0,0,0,0,0,0,1,0,0,0
data/external/actions/ucf101_frames_debug/apply_lipstick/v_ApplyLipstick_g01_c04_frame_000123.jpg,ucf101,apply_lipstick,data\external\actions\UCF101\ApplyLipstick\v_ApplyLipstick_g01_c04.avi,1,0,0,0,0,0,0,0,0,0,0,0,0,0,0,0,1,0,0,0
data/external/actions/ucf101_frames_debug/apply_lipstick/v_ApplyLipstick_g01_c04_frame_000246.jpg,ucf101,apply_lipstick,data\external\actions\UCF101\ApplyLipstick\v_ApplyLipstick_g01_c04.avi,1,0,0,0,0,0,0,0,0,0,0,0,0,0,0,0,1,0,0,0
data/external/actions/ucf101_frames_debug/apply_lipstick/v_ApplyLipstick_g03_c01_frame_000060.jpg,ucf101,apply_lipstick,data\external\actions\UCF101\ApplyLipstick\v_ApplyLipstick_g03_c01.avi,1,0,0,0,0,0,0,0,0,0,0,0,0,0,0,0,1,0,0,0
data/external/actions/ucf101_frames_debug/apply_lipstick/v_ApplyLipstick_g03_c01_frame_000120.jpg,ucf101,apply_lipstick,data\external\actions\UCF101\ApplyLipstick\v_ApplyLipstick_g03_c01.avi,1,0,0,0,0,0,0,0,0,0,0,0,0,0,0,0,1,0,0,0
data/external/actions/ucf101_frames_debug/apply_lipstick/v_ApplyLipstick_g04_c02_frame_000048.jpg,ucf101,apply_lipstick,data\external\actions\UCF101\ApplyLipstick\v_ApplyLipstick_g04_c02.avi,1,0,0,0,0,0,0,0,0,0,0,0,0,0,0,0,1,0,0,0
data/external/actions/ucf101_frames_debug/apply_lipstick/v_ApplyLipstick_g04_c02_frame_000096.jpg,ucf101,apply_lipstick,data\external\actions\UCF101\ApplyLipstick\v_ApplyLipstick_g04_c02.avi,1,0,0,0,0,0,0,0,0,0,0,0,0,0,0,0,1,0,0,0
data/external/actions/ucf101_frames_debug/apply_lipstick/v_ApplyLipstick_g06_c05_frame_000107.jpg,ucf101,apply_lipstick,data\external\actions\UCF101\ApplyLipstick\v_ApplyLipstick_g06_c05.avi,1,0,0,0,0,0,0,0,0,0,0,0,0,0,0,0,1,0,0,0
data/external/actions/ucf101_frames_debug/apply_lipstick/v_ApplyLipstick_g06_c05_frame_000214.jpg,ucf101,apply_lipstick,data\external\actions\UCF101\ApplyLipstick\v_ApplyLipstick_g06_c05.avi,1,0,0,0,0,0,0,0,0,0,0,0,0,0,0,0,1,0,0,0
data/external/actions/ucf101_frames_debug/apply_lipstick/v_ApplyLipstick_g12_c03_frame_000047.jpg,ucf101,apply_lipstick,data\external\actions\UCF101\ApplyLipstick\v_ApplyLipstick_g12_c03.avi,1,0,0,0,0,0,0,0,0,0,0,0,0,0,0,0,1,0,0,0
data/external/actions/ucf101_frames_debug/apply_lipstick/v_ApplyLipstick_g12_c03_frame_000094.jpg,ucf101,apply_lipstick,data\external\actions\UCF101\ApplyLipstick\v_ApplyLipstick_g12_c03.avi,1,0,0,0,0,0,0,0,0,0,0,0,0,0,0,0,1,0,0,0
data/external/actions/ucf101_frames_debug/apply_lipstick/v_ApplyLipstick_g12_c04_frame_000092.jpg,ucf101,apply_lipstick,data\external\actions\UCF101\ApplyLipstick\v_ApplyLipstick_g12_c04.avi,1,0,0,0,0,0,0,0,0,0,0,0,0,0,0,0,1,0,0,0
data/external/actions/ucf101_frames_debug/apply_lipstick/v_ApplyLipstick_g12_c04_frame_000184.jpg,ucf101,apply_lipstick,data\external\actions\UCF101\ApplyLipstick\v_ApplyLipstick_g12_c04.avi,1,0,0,0,0,0,0,0,0,0,0,0,0,0,0,0,1,0,0,0
data/external/actions/ucf101_frames_debug/apply_lipstick/v_ApplyLipstick_g14_c03_frame_000058.jpg,ucf101,apply_lipstick,data\external\actions\UCF101\ApplyLipstick\v_ApplyLipstick_g14_c03.avi,1,0,0,0,0,0,0,0,0,0,0,0,0,0,0,0,1,0,0,0
data/external/actions/ucf101_frames_debug/apply_lipstick/v_ApplyLipstick_g14_c03_frame_000116.jpg,ucf101,apply_lipstick,data\external\actions\UCF101\ApplyLipstick\v_ApplyLipstick_g14_c03.avi,1,0,0,0,0,0,0,0,0,0,0,0,0,0,0,0,1,0,0,0
data/external/actions/ucf101_frames_debug/apply_lipstick/v_ApplyLipstick_g15_c04_frame_000050.jpg,ucf101,apply_lipstick,data\external\actions\UCF101\ApplyLipstick\v_ApplyLipstick_g15_c04.avi,1,0,0,0,0,0,0,0,0,0,0,0,0,0,0,0,1,0,0,0
data/external/actions/ucf101_frames_debug/apply_lipstick/v_ApplyLipstick_g15_c04_frame_000100.jpg,ucf101,apply_lipstick,data\external\actions\UCF101\ApplyLipstick\v_ApplyLipstick_g15_c04.avi,1,0,0,0,0,0,0,0,0,0,0,0,0,0,0,0,1,0,0,0
data/external/actions/ucf101_frames_debug/apply_lipstick/v_ApplyLipstick_g17_c05_frame_000047.jpg,ucf101,apply_lipstick,data\external\actions\UCF101\ApplyLipstick\v_ApplyLipstick_g17_c05.avi,1,0,0,0,0,0,0,0,0,0,0,0,0,0,0,0,1,0,0,0
data/external/actions/ucf101_frames_debug/apply_lipstick/v_ApplyLipstick_g17_c05_frame_000094.jpg,ucf101,apply_lipstick,data\external\actions\UCF101\ApplyLipstick\v_ApplyLipstick_g17_c05.avi,1,0,0,0,0,0,0,0,0,0,0,0,0,0,0,0,1,0,0,0
data/external/actions/ucf101_frames_debug/apply_lipstick/v_ApplyLipstick_g20_c02_frame_000036.jpg,ucf101,apply_lipstick,data\external\actions\UCF101\ApplyLipstick\v_ApplyLipstick_g20_c02.avi,1,0,0,0,0,0,0,0,0,0,0,0,0,0,0,0,1,0,0,0
data/external/actions/ucf101_frames_debug/apply_lipstick/v_ApplyLipstick_g20_c02_frame_000072.jpg,ucf101,apply_lipstick,data\external\actions\UCF101\ApplyLipstick\v_ApplyLipstick_g20_c02.avi,1,0,0,0,0,0,0,0,0,0,0,0,0,0,0,0,1,0,0,0
data/external/actions/ucf101_frames_debug/apply_lipstick/v_ApplyLipstick_g20_c03_frame_000064.jpg,ucf101,apply_lipstick,data\external\actions\UCF101\ApplyLipstick\v_ApplyLipstick_g20_c03.avi,1,0,0,0,0,0,0,0,0,0,0,0,0,0,0,0,1,0,0,0
data/external/actions/ucf101_frames_debug/apply_lipstick/v_ApplyLipstick_g20_c03_frame_000129.jpg,ucf101,apply_lipstick,data\external\actions\UCF101\ApplyLipstick\v_ApplyLipstick_g20_c03.avi,1,0,0,0,0,0,0,0,0,0,0,0,0,0,0,0,1,0,0,0
data/external/actions/ucf101_frames_debug/apply_lipstick/v_ApplyLipstick_g20_c04_frame_000046.jpg,ucf101,apply_lipstick,data\external\actions\UCF101\ApplyLipstick\v_ApplyLipstick_g20_c04.avi,1,0,0,0,0,0,0,0,0,0,0,0,0,0,0,0,1,0,0,0
data/external/actions/ucf101_frames_debug/apply_lipstick/v_ApplyLipstick_g20_c04_frame_000093.jpg,ucf101,apply_lipstick,data\external\actions\UCF101\ApplyLipstick\v_ApplyLipstick_g20_c04.avi,1,0,0,0,0,0,0,0,0,0,0,0,0,0,0,0,1,0,0,0
data/external/actions/ucf101_frames_debug/apply_lipstick/v_ApplyLipstick_g21_c02_frame_000052.jpg,ucf101,apply_lipstick,data\external\actions\UCF101\ApplyLipstick\v_ApplyLipstick_g21_c02.avi,1,0,0,0,0,0,0,0,0,0,0,0,0,0,0,0,1,0,0,0
data/external/actions/ucf101_frames_debug/apply_lipstick/v_ApplyLipstick_g21_c02_frame_000104.jpg,ucf101,apply_lipstick,data\external\actions\UCF101\ApplyLipstick\v_ApplyLipstick_g21_c02.avi,1,0,0,0,0,0,0,0,0,0,0,0,0,0,0,0,1,0,0,0
data/external/actions/ucf101_frames_debug/apply_lipstick/v_ApplyLipstick_g22_c01_frame_000059.jpg,ucf101,apply_lipstick,data\external\actions\UCF101\ApplyLipstick\v_ApplyLipstick_g22_c01.avi,1,0,0,0,0,0,0,0,0,0,0,0,0,0,0,0,1,0,0,0
data/external/actions/ucf101_frames_debug/apply_lipstick/v_ApplyLipstick_g22_c01_frame_000118.jpg,ucf101,apply_lipstick,data\external\actions\UCF101\ApplyLipstick\v_ApplyLipstick_g22_c01.avi,1,0,0,0,0,0,0,0,0,0,0,0,0,0,0,0,1,0,0,0
data/external/actions/ucf101_frames_debug/apply_lipstick/v_ApplyLipstick_g23_c03_frame_000045.jpg,ucf101,apply_lipstick,data\external\actions\UCF101\ApplyLipstick\v_ApplyLipstick_g23_c03.avi,1,0,0,0,0,0,0,0,0,0,0,0,0,0,0,0,1,0,0,0
data/external/actions/ucf101_frames_debug/apply_lipstick/v_ApplyLipstick_g23_c03_frame_000090.jpg,ucf101,apply_lipstick,data\external\actions\UCF101\ApplyLipstick\v_ApplyLipstick_g23_c03.avi,1,0,0,0,0,0,0,0,0,0,0,0,0,0,0,0,1,0,0,0
data/external/actions/ucf101_frames_debug/archery/v_Archery_g02_c01_frame_000052.jpg,ucf101,archery,data\external\actions\UCF101\Archery\v_Archery_g02_c01.avi,1,0,0,0,1,0,0,0,0,0,0,0,0,0,0,0,1,0,0,0
data/external/actions/ucf101_frames_debug/archery/v_Archery_g02_c01_frame_000105.jpg,ucf101,archery,data\external\actions\UCF101\Archery\v_Archery_g02_c01.avi,1,0,0,0,1,0,0,0,0,0,0,0,0,0,0,0,1,0,0,0
data/external/actions/ucf101_frames_debug/archery/v_Archery_g07_c05_frame_000021.jpg,ucf101,archery,data\external\actions\UCF101\Archery\v_Archery_g07_c05.avi,1,0,0,0,1,0,0,0,0,0,0,0,0,0,0,0,1,0,0,0
data/external/actions/ucf101_frames_debug/archery/v_Archery_g07_c05_frame_000042.jpg,ucf101,archery,data\external\actions\UCF101\Archery\v_Archery_g07_c05.avi,1,0,0,0,1,0,0,0,0,0,0,0,0,0,0,0,1,0,0,0
data/external/actions/ucf101_frames_debug/archery/v_Archery_g08_c01_frame_000121.jpg,ucf101,archery,data\external\actions\UCF101\Archery\v_Archery_g08_c01.avi,1,0,0,0,1,0,0,0,0,0,0,0,0,0,0,0,1,0,0,0
data/external/actions/ucf101_frames_debug/archery/v_Archery_g08_c01_frame_000242.jpg,ucf101,archery,data\external\actions\UCF101\Archery\v_Archery_g08_c01.avi,1,0,0,0,1,0,0,0,0,0,0,0,0,0,0,0,1,0,0,0
data/external/actions/ucf101_frames_debug/archery/v_Archery_g08_c03_frame_000108.jpg,ucf101,archery,data\external\actions\UCF101\Archery\v_Archery_g08_c03.avi,1,0,0,0,1,0,0,0,0,0,0,0,0,0,0,0,1,0,0,0
data/external/actions/ucf101_frames_debug/archery/v_Archery_g08_c03_frame_000217.jpg,ucf101,archery,data\external\actions\UCF101\Archery\v_Archery_g08_c03.avi,1,0,0,0,1,0,0,0,0,0,0,0,0,0,0,0,1,0,0,0
data/external/actions/ucf101_frames_debug/archery/v_Archery_g10_c02_frame_000046.jpg,ucf101,archery,data\external\actions\UCF101\Archery\v_Archery_g10_c02.avi,1,0,0,0,1,0,0,0,0,0,0,0,0,0,0,0,1,0,0,0
data/external/actions/ucf101_frames_debug/archery/v_Archery_g10_c02_frame_000093.jpg,ucf101,archery,data\external\actions\UCF101\Archery\v_Archery_g10_c02.avi,1,0,0,0,1,0,0,0,0,0,0,0,0,0,0,0,1,0,0,0
data/external/actions/ucf101_frames_debug/archery/v_Archery_g11_c01_frame_000064.jpg,ucf101,archery,data\external\actions\UCF101\Archery\v_Archery_g11_c01.avi,1,0,0,0,1,0,0,0,0,0,0,0,0,0,0,0,1,0,0,0
data/external/actions/ucf101_frames_debug/archery/v_Archery_g11_c01_frame_000128.jpg,ucf101,archery,data\external\actions\UCF101\Archery\v_Archery_g11_c01.avi,1,0,0,0,1,0,0,0,0,0,0,0,0,0,0,0,1,0,0,0
data/external/actions/ucf101_frames_debug/archery/v_Archery_g11_c03_frame_000098.jpg,ucf101,archery,data\external\actions\UCF101\Archery\v_Archery_g11_c03.avi,1,0,0,0,1,0,0,0,0,0,0,0,0,0,0,0,1,0,0,0
data/external/actions/ucf101_frames_debug/archery/v_Archery_g11_c03_frame_000196.jpg,ucf101,archery,data\external\actions\UCF101\Archery\v_Archery_g11_c03.avi,1,0,0,0,1,0,0,0,0,0,0,0,0,0,0,0,1,0,0,0
data/external/actions/ucf101_frames_debug/archery/v_Archery_g11_c05_frame_000070.jpg,ucf101,archery,data\external\actions\UCF101\Archery\v_Archery_g11_c05.avi,1,0,0,0,1,0,0,0,0,0,0,0,0,0,0,0,1,0,0,0
data/external/actions/ucf101_frames_debug/archery/v_Archery_g11_c05_frame_000140.jpg,ucf101,archery,data\external\actions\UCF101\Archery\v_Archery_g11_c05.avi,1,0,0,0,1,0,0,0,0,0,0,0,0,0,0,0,1,0,0,0
data/external/actions/ucf101_frames_debug/archery/v_Archery_g12_c04_frame_000065.jpg,ucf101,archery,data\external\actions\UCF101\Archery\v_Archery_g12_c04.avi,1,0,0,0,1,0,0,0,0,0,0,0,0,0,0,0,1,0,0,0
data/external/actions/ucf101_frames_debug/archery/v_Archery_g12_c04_frame_000130.jpg,ucf101,archery,data\external\actions\UCF101\Archery\v_Archery_g12_c04.avi,1,0,0,0,1,0,0,0,0,0,0,0,0,0,0,0,1,0,0,0
data/external/actions/ucf101_frames_debug/archery/v_Archery_g15_c04_frame_000067.jpg,ucf101,archery,data\external\actions\UCF101\Archery\v_Archery_g15_c04.avi,1,0,0,0,1,0,0,0,0,0,0,0,0,0,0,0,1,0,0,0
data/external/actions/ucf101_frames_debug/archery/v_Archery_g15_c04_frame_000135.jpg,ucf101,archery,data\external\actions\UCF101\Archery\v_Archery_g15_c04.avi,1,0,0,0,1,0,0,0,0,0,0,0,0,0,0,0,1,0,0,0
data/external/actions/ucf101_frames_debug/archery/v_Archery_g16_c05_frame_000087.jpg,ucf101,archery,data\external\actions\UCF101\Archery\v_Archery_g16_c05.avi,1,0,0,0,1,0,0,0,0,0,0,0,0,0,0,0,1,0,0,0
data/external/actions/ucf101_frames_debug/archery/v_Archery_g16_c05_frame_000174.jpg,ucf101,archery,data\external\actions\UCF101\Archery\v_Archery_g16_c05.avi,1,0,0,0,1,0,0,0,0,0,0,0,0,0,0,0,1,0,0,0
data/external/actions/ucf101_frames_debug/archery/v_Archery_g17_c04_frame_000022.jpg,ucf101,archery,data\external\actions\UCF101\Archery\v_Archery_g17_c04.avi,1,0,0,0,1,0,0,0,0,0,0,0,0,0,0,0,1,0,0,0
data/external/actions/ucf101_frames_debug/archery/v_Archery_g17_c04_frame_000044.jpg,ucf101,archery,data\external\actions\UCF101\Archery\v_Archery_g17_c04.avi,1,0,0,0,1,0,0,0,0,0,0,0,0,0,0,0,1,0,0,0
data/external/actions/ucf101_frames_debug/archery/v_Archery_g18_c05_frame_000050.jpg,ucf101,archery,data\external\actions\UCF101\Archery\v_Archery_g18_c05.avi,1,0,0,0,1,0,0,0,0,0,0,0,0,0,0,0,1,0,0,0
data/external/actions/ucf101_frames_debug/archery/v_Archery_g18_c05_frame_000101.jpg,ucf101,archery,data\external\actions\UCF101\Archery\v_Archery_g18_c05.avi,1,0,0,0,1,0,0,0,0,0,0,0,0,0,0,0,1,0,0,0
data/external/actions/ucf101_frames_debug/archery/v_Archery_g19_c04_frame_000030.jpg,ucf101,archery,data\external\actions\UCF101\Archery\v_Archery_g19_c04.avi,1,0,0,0,1,0,0,0,0,0,0,0,0,0,0,0,1,0,0,0
data/external/actions/ucf101_frames_debug/archery/v_Archery_g19_c04_frame_000061.jpg,ucf101,archery,data\external\actions\UCF101\Archery\v_Archery_g19_c04.avi,1,0,0,0,1,0,0,0,0,0,0,0,0,0,0,0,1,0,0,0
data/external/actions/ucf101_frames_debug/archery/v_Archery_g21_c03_frame_000072.jpg,ucf101,archery,data\external\actions\UCF101\Archery\v_Archery_g21_c03.avi,1,0,0,0,1,0,0,0,0,0,0,0,0,0,0,0,1,0,0,0
data/external/actions/ucf101_frames_debug/archery/v_Archery_g21_c03_frame_000145.jpg,ucf101,archery,data\external\actions\UCF101\Archery\v_Archery_g21_c03.avi,1,0,0,0,1,0,0,0,0,0,0,0,0,0,0,0,1,0,0,0
data/external/actions/ucf101_frames_debug/archery/v_Archery_g22_c05_frame_000022.jpg,ucf101,archery,data\external\actions\UCF101\Archery\v_Archery_g22_c05.avi,1,0,0,0,1,0,0,0,0,0,0,0,0,0,0,0,1,0,0,0
data/external/actions/ucf101_frames_debug/archery/v_Archery_g22_c05_frame_000045.jpg,ucf101,archery,data\external\actions\UCF101\Archery\v_Archery_g22_c05.avi,1,0,0,0,1,0,0,0,0,0,0,0,0,0,0,0,1,0,0,0
data/external/actions/ucf101_frames_debug/archery/v_Archery_g23_c01_frame_000041.jpg,ucf101,archery,data\external\actions\UCF101\Archery\v_Archery_g23_c01.avi,1,0,0,0,1,0,0,0,0,0,0,0,0,0,0,0,1,0,0,0
data/external/actions/ucf101_frames_debug/archery/v_Archery_g23_c01_frame_000082.jpg,ucf101,archery,data\external\actions\UCF101\Archery\v_Archery_g23_c01.avi,1,0,0,0,1,0,0,0,0,0,0,0,0,0,0,0,1,0,0,0
data/external/actions/ucf101_frames_debug/archery/v_Archery_g24_c06_frame_000040.jpg,ucf101,archery,data\external\actions\UCF101\Archery\v_Archery_g24_c06.avi,1,0,0,0,1,0,0,0,0,0,0,0,0,0,0,0,1,0,0,0
data/external/actions/ucf101_frames_debug/archery/v_Archery_g24_c06_frame_000081.jpg,ucf101,archery,data\external\actions\UCF101\Archery\v_Archery_g24_c06.avi,1,0,0,0,1,0,0,0,0,0,0,0,0,0,0,0,1,0,0,0
data/external/actions/ucf101_frames_debug/archery/v_Archery_g25_c06_frame_000078.jpg,ucf101,archery,data\external\actions\UCF101\Archery\v_Archery_g25_c06.avi,1,0,0,0,1,0,0,0,0,0,0,0,0,0,0,0,1,0,0,0
data/external/actions/ucf101_frames_debug/archery/v_Archery_g25_c06_frame_000156.jpg,ucf101,archery,data\external\actions\UCF101\Archery\v_Archery_g25_c06.avi,1,0,0,0,1,0,0,0,0,0,0,0,0,0,0,0,1,0,0,0
data/external/actions/ucf101_frames_debug/baby_crawling/v_BabyCrawling_g01_c04_frame_000073.jpg,ucf101,baby_crawling,data\external\actions\UCF101\BabyCrawling\v_BabyCrawling_g01_c04.avi,0,0,0,1,0,0,0,0,0,0,0,0,0,0,0,0,0,1,0,0
data/external/actions/ucf101_frames_debug/baby_crawling/v_BabyCrawling_g01_c04_frame_000146.jpg,ucf101,baby_crawling,data\external\actions\UCF101\BabyCrawling\v_BabyCrawling_g01_c04.avi,0,0,0,1,0,0,0,0,0,0,0,0,0,0,0,0,0,1,0,0
data/external/actions/ucf101_frames_debug/baby_crawling/v_BabyCrawling_g02_c06_frame_000063.jpg,ucf101,baby_crawling,data\external\actions\UCF101\BabyCrawling\v_BabyCrawling_g02_c06.avi,0,0,0,1,0,0,0,0,0,0,0,0,0,0,0,0,0,1,0,0
data/external/actions/ucf101_frames_debug/baby_crawling/v_BabyCrawling_g02_c06_frame_000126.jpg,ucf101,baby_crawling,data\external\actions\UCF101\BabyCrawling\v_BabyCrawling_g02_c06.avi,0,0,0,1,0,0,0,0,0,0,0,0,0,0,0,0,0,1,0,0
data/external/actions/ucf101_frames_debug/baby_crawling/v_BabyCrawling_g09_c03_frame_000045.jpg,ucf101,baby_crawling,data\external\actions\UCF101\BabyCrawling\v_BabyCrawling_g09_c03.avi,0,0,0,1,0,0,0,0,0,0,0,0,0,0,0,0,0,1,0,0
data/external/actions/ucf101_frames_debug/baby_crawling/v_BabyCrawling_g09_c03_frame_000090.jpg,ucf101,baby_crawling,data\external\actions\UCF101\BabyCrawling\v_BabyCrawling_g09_c03.avi,0,0,0,1,0,0,0,0,0,0,0,0,0,0,0,0,0,1,0,0
data/external/actions/ucf101_frames_debug/baby_crawling/v_BabyCrawling_g10_c04_frame_000061.jpg,ucf101,baby_crawling,data\external\actions\UCF101\BabyCrawling\v_BabyCrawling_g10_c04.avi,0,0,0,1,0,0,0,0,0,0,0,0,0,0,0,0,0,1,0,0
data/external/actions/ucf101_frames_debug/baby_crawling/v_BabyCrawling_g10_c04_frame_000122.jpg,ucf101,baby_crawling,data\external\actions\UCF101\BabyCrawling\v_BabyCrawling_g10_c04.avi,0,0,0,1,0,0,0,0,0,0,0,0,0,0,0,0,0,1,0,0
data/external/actions/ucf101_frames_debug/baby_crawling/v_BabyCrawling_g13_c03_frame_000036.jpg,ucf101,baby_crawling,data\external\actions\UCF101\BabyCrawling\v_BabyCrawling_g13_c03.avi,0,0,0,1,0,0,0,0,0,0,0,0,0,0,0,0,0,1,0,0
data/external/actions/ucf101_frames_debug/baby_crawling/v_BabyCrawling_g13_c03_frame_000073.jpg,ucf101,baby_crawling,data\external\actions\UCF101\BabyCrawling\v_BabyCrawling_g13_c03.avi,0,0,0,1,0,0,0,0,0,0,0,0,0,0,0,0,0,1,0,0
data/external/actions/ucf101_frames_debug/baby_crawling/v_BabyCrawling_g13_c06_frame_000055.jpg,ucf101,baby_crawling,data\external\actions\UCF101\BabyCrawling\v_BabyCrawling_g13_c06.avi,0,0,0,1,0,0,0,0,0,0,0,0,0,0,0,0,0,1,0,0
data/external/actions/ucf101_frames_debug/baby_crawling/v_BabyCrawling_g13_c06_frame_000111.jpg,ucf101,baby_crawling,data\external\actions\UCF101\BabyCrawling\v_BabyCrawling_g13_c06.avi,0,0,0,1,0,0,0,0,0,0,0,0,0,0,0,0,0,1,0,0
data/external/actions/ucf101_frames_debug/baby_crawling/v_BabyCrawling_g15_c06_frame_000054.jpg,ucf101,baby_crawling,data\external\actions\UCF101\BabyCrawling\v_BabyCrawling_g15_c06.avi,0,0,0,1,0,0,0,0,0,0,0,0,0,0,0,0,0,1,0,0
data/external/actions/ucf101_frames_debug/baby_crawling/v_BabyCrawling_g15_c06_frame_000109.jpg,ucf101,baby_crawling,data\external\actions\UCF101\BabyCrawling\v_BabyCrawling_g15_c06.avi,0,0,0,1,0,0,0,0,0,0,0,0,0,0,0,0,0,1,0,0
data/external/actions/ucf101_frames_debug/baby_crawling/v_BabyCrawling_g16_c01_frame_000052.jpg,ucf101,baby_crawling,data\external\actions\UCF101\BabyCrawling\v_BabyCrawling_g16_c01.avi,0,0,0,1,0,0,0,0,0,0,0,0,0,0,0,0,0,1,0,0
data/external/actions/ucf101_frames_debug/baby_crawling/v_BabyCrawling_g16_c01_frame_000105.jpg,ucf101,baby_crawling,data\external\actions\UCF101\BabyCrawling\v_BabyCrawling_g16_c01.avi,0,0,0,1,0,0,0,0,0,0,0,0,0,0,0,0,0,1,0,0
data/external/actions/ucf101_frames_debug/baby_crawling/v_BabyCrawling_g17_c01_frame_000047.jpg,ucf101,baby_crawling,data\external\actions\UCF101\BabyCrawling\v_BabyCrawling_g17_c01.avi,0,0,0,1,0,0,0,0,0,0,0,0,0,0,0,0,0,1,0,0
data/external/actions/ucf101_frames_debug/baby_crawling/v_BabyCrawling_g17_c01_frame_000094.jpg,ucf101,baby_crawling,data\external\actions\UCF101\BabyCrawling\v_BabyCrawling_g17_c01.avi,0,0,0,1,0,0,0,0,0,0,0,0,0,0,0,0,0,1,0,0
data/external/actions/ucf101_frames_debug/baby_crawling/v_BabyCrawling_g17_c05_frame_000036.jpg,ucf101,baby_crawling,data\external\actions\UCF101\BabyCrawling\v_BabyCrawling_g17_c05.avi,0,0,0,1,0,0,0,0,0,0,0,0,0,0,0,0,0,1,0,0
data/external/actions/ucf101_frames_debug/baby_crawling/v_BabyCrawling_g17_c05_frame_000072.jpg,ucf101,baby_crawling,data\external\actions\UCF101\BabyCrawling\v_BabyCrawling_g17_c05.avi,0,0,0,1,0,0,0,0,0,0,0,0,0,0,0,0,0,1,0,0
data/external/actions/ucf101_frames_debug/baby_crawling/v_BabyCrawling_g18_c01_frame_000066.jpg,ucf101,baby_crawling,data\external\actions\UCF101\BabyCrawling\v_BabyCrawling_g18_c01.avi,0,0,0,1,0,0,0,0,0,0,0,0,0,0,0,0,0,1,0,0
data/external/actions/ucf101_frames_debug/baby_crawling/v_BabyCrawling_g18_c01_frame_000132.jpg,ucf101,baby_crawling,data\external\actions\UCF101\BabyCrawling\v_BabyCrawling_g18_c01.avi,0,0,0,1,0,0,0,0,0,0,0,0,0,0,0,0,0,1,0,0
data/external/actions/ucf101_frames_debug/baby_crawling/v_BabyCrawling_g20_c01_frame_000087.jpg,ucf101,baby_crawling,data\external\actions\UCF101\BabyCrawling\v_BabyCrawling_g20_c01.avi,0,0,0,1,0,0,0,0,0,0,0,0,0,0,0,0,0,1,0,0
data/external/actions/ucf101_frames_debug/baby_crawling/v_BabyCrawling_g20_c01_frame_000174.jpg,ucf101,baby_crawling,data\external\actions\UCF101\BabyCrawling\v_BabyCrawling_g20_c01.avi,0,0,0,1,0,0,0,0,0,0,0,0,0,0,0,0,0,1,0,0
data/external/actions/ucf101_frames_debug/baby_crawling/v_BabyCrawling_g20_c07_frame_000083.jpg,ucf101,baby_crawling,data\external\actions\UCF101\BabyCrawling\v_BabyCrawling_g20_c07.avi,0,0,0,1,0,0,0,0,0,0,0,0,0,0,0,0,0,1,0,0
data/external/actions/ucf101_frames_debug/baby_crawling/v_BabyCrawling_g20_c07_frame_000166.jpg,ucf101,baby_crawling,data\external\actions\UCF101\BabyCrawling\v_BabyCrawling_g20_c07.avi,0,0,0,1,0,0,0,0,0,0,0,0,0,0,0,0,0,1,0,0
data/external/actions/ucf101_frames_debug/baby_crawling/v_BabyCrawling_g22_c06_frame_000030.jpg,ucf101,baby_crawling,data\external\actions\UCF101\BabyCrawling\v_BabyCrawling_g22_c06.avi,0,0,0,1,0,0,0,0,0,0,0,0,0,0,0,0,0,1,0,0
data/external/actions/ucf101_frames_debug/baby_crawling/v_BabyCrawling_g22_c06_frame_000061.jpg,ucf101,baby_crawling,data\external\actions\UCF101\BabyCrawling\v_BabyCrawling_g22_c06.avi,0,0,0,1,0,0,0,0,0,0,0,0,0,0,0,0,0,1,0,0
data/external/actions/ucf101_frames_debug/baby_crawling/v_BabyCrawling_g24_c06_frame_000060.jpg,ucf101,baby_crawling,data\external\actions\UCF101\BabyCrawling\v_BabyCrawling_g24_c06.avi,0,0,0,1,0,0,0,0,0,0,0,0,0,0,0,0,0,1,0,0
data/external/actions/ucf101_frames_debug/baby_crawling/v_BabyCrawling_g24_c06_frame_000120.jpg,ucf101,baby_crawling,data\external\actions\UCF101\BabyCrawling\v_BabyCrawling_g24_c06.avi,0,0,0,1,0,0,0,0,0,0,0,0,0,0,0,0,0,1,0,0
data/external/actions/ucf101_frames_debug/baby_crawling/v_BabyCrawling_g25_c01_frame_000097.jpg,ucf101,baby_crawling,data\external\actions\UCF101\BabyCrawling\v_BabyCrawling_g25_c01.avi,0,0,0,1,0,0,0,0,0,0,0,0,0,0,0,0,0,1,0,0
data/external/actions/ucf101_frames_debug/baby_crawling/v_BabyCrawling_g25_c01_frame_000195.jpg,ucf101,baby_crawling,data\external\actions\UCF101\BabyCrawling\v_BabyCrawling_g25_c01.avi,0,0,0,1,0,0,0,0,0,0,0,0,0,0,0,0,0,1,0,0
data/external/actions/ucf101_frames_debug/baby_crawling/v_BabyCrawling_g25_c03_frame_000047.jpg,ucf101,baby_crawling,data\external\actions\UCF101\BabyCrawling\v_BabyCrawling_g25_c03.avi,0,0,0,1,0,0,0,0,0,0,0,0,0,0,0,0,0,1,0,0
data/external/actions/ucf101_frames_debug/baby_crawling/v_BabyCrawling_g25_c03_frame_000094.jpg,ucf101,baby_crawling,data\external\actions\UCF101\BabyCrawling\v_BabyCrawling_g25_c03.avi,0,0,0,1,0,0,0,0,0,0,0,0,0,0,0,0,0,1,0,0
data/external/actions/ucf101_frames_debug/balance_beam/v_BalanceBeam_g05_c04_frame_000060.jpg,ucf101,balance_beam,data\external\actions\UCF101\BalanceBeam\v_BalanceBeam_g05_c04.avi,0,0,0,0,0,1,0,0,0,0,0,0,0,0,0,0,0,1,0,0
data/external/actions/ucf101_frames_debug/balance_beam/v_BalanceBeam_g05_c04_frame_000120.jpg,ucf101,balance_beam,data\external\actions\UCF101\BalanceBeam\v_BalanceBeam_g05_c04.avi,0,0,0,0,0,1,0,0,0,0,0,0,0,0,0,0,0,1,0,0
data/external/actions/ucf101_frames_debug/balance_beam/v_BalanceBeam_g06_c02_frame_000039.jpg,ucf101,balance_beam,data\external\actions\UCF101\BalanceBeam\v_BalanceBeam_g06_c02.avi,0,0,0,0,0,1,0,0,0,0,0,0,0,0,0,0,0,1,0,0
data/external/actions/ucf101_frames_debug/balance_beam/v_BalanceBeam_g06_c02_frame_000078.jpg,ucf101,balance_beam,data\external\actions\UCF101\BalanceBeam\v_BalanceBeam_g06_c02.avi,0,0,0,0,0,1,0,0,0,0,0,0,0,0,0,0,0,1,0,0
data/external/actions/ucf101_frames_debug/balance_beam/v_BalanceBeam_g07_c04_frame_000035.jpg,ucf101,balance_beam,data\external\actions\UCF101\BalanceBeam\v_BalanceBeam_g07_c04.avi,0,0,0,0,0,1,0,0,0,0,0,0,0,0,0,0,0,1,0,0
data/external/actions/ucf101_frames_debug/balance_beam/v_BalanceBeam_g07_c04_frame_000071.jpg,ucf101,balance_beam,data\external\actions\UCF101\BalanceBeam\v_BalanceBeam_g07_c04.avi,0,0,0,0,0,1,0,0,0,0,0,0,0,0,0,0,0,1,0,0
data/external/actions/ucf101_frames_debug/balance_beam/v_BalanceBeam_g09_c04_frame_000068.jpg,ucf101,balance_beam,data\external\actions\UCF101\BalanceBeam\v_BalanceBeam_g09_c04.avi,0,0,0,0,0,1,0,0,0,0,0,0,0,0,0,0,0,1,0,0
data/external/actions/ucf101_frames_debug/balance_beam/v_BalanceBeam_g09_c04_frame_000137.jpg,ucf101,balance_beam,data\external\actions\UCF101\BalanceBeam\v_BalanceBeam_g09_c04.avi,0,0,0,0,0,1,0,0,0,0,0,0,0,0,0,0,0,1,0,0
data/external/actions/ucf101_frames_debug/balance_beam/v_BalanceBeam_g10_c02_frame_000023.jpg,ucf101,balance_beam,data\external\actions\UCF101\BalanceBeam\v_BalanceBeam_g10_c02.avi,0,0,0,0,0,1,0,0,0,0,0,0,0,0,0,0,0,1,0,0
data/external/actions/ucf101_frames_debug/balance_beam/v_BalanceBeam_g10_c02_frame_000046.jpg,ucf101,balance_beam,data\external\actions\UCF101\BalanceBeam\v_BalanceBeam_g10_c02.avi,0,0,0,0,0,1,0,0,0,0,0,0,0,0,0,0,0,1,0,0
data/external/actions/ucf101_frames_debug/balance_beam/v_BalanceBeam_g10_c04_frame_000040.jpg,ucf101,balance_beam,data\external\actions\UCF101\BalanceBeam\v_BalanceBeam_g10_c04.avi,0,0,0,0,0,1,0,0,0,0,0,0,0,0,0,0,0,1,0,0
data/external/actions/ucf101_frames_debug/balance_beam/v_BalanceBeam_g10_c04_frame_000081.jpg,ucf101,balance_beam,data\external\actions\UCF101\BalanceBeam\v_BalanceBeam_g10_c04.avi,0,0,0,0,0,1,0,0,0,0,0,0,0,0,0,0,0,1,0,0
data/external/actions/ucf101_frames_debug/balance_beam/v_BalanceBeam_g11_c02_frame_000022.jpg,ucf101,balance_beam,data\external\actions\UCF101\BalanceBeam\v_BalanceBeam_g11_c02.avi,0,0,0,0,0,1,0,0,0,0,0,0,0,0,0,0,0,1,0,0
data/external/actions/ucf101_frames_debug/balance_beam/v_BalanceBeam_g11_c02_frame_000045.jpg,ucf101,balance_beam,data\external\actions\UCF101\BalanceBeam\v_BalanceBeam_g11_c02.avi,0,0,0,0,0,1,0,0,0,0,0,0,0,0,0,0,0,1,0,0
data/external/actions/ucf101_frames_debug/balance_beam/v_BalanceBeam_g11_c04_frame_000038.jpg,ucf101,balance_beam,data\external\actions\UCF101\BalanceBeam\v_BalanceBeam_g11_c04.avi,0,0,0,0,0,1,0,0,0,0,0,0,0,0,0,0,0,1,0,0
data/external/actions/ucf101_frames_debug/balance_beam/v_BalanceBeam_g11_c04_frame_000077.jpg,ucf101,balance_beam,data\external\actions\UCF101\BalanceBeam\v_BalanceBeam_g11_c04.avi,0,0,0,0,0,1,0,0,0,0,0,0,0,0,0,0,0,1,0,0
data/external/actions/ucf101_frames_debug/balance_beam/v_BalanceBeam_g15_c03_frame_000041.jpg,ucf101,balance_beam,data\external\actions\UCF101\BalanceBeam\v_BalanceBeam_g15_c03.avi,0,0,0,0,0,1,0,0,0,0,0,0,0,0,0,0,0,1,0,0
data/external/actions/ucf101_frames_debug/balance_beam/v_BalanceBeam_g15_c03_frame_000083.jpg,ucf101,balance_beam,data\external\actions\UCF101\BalanceBeam\v_BalanceBeam_g15_c03.avi,0,0,0,0,0,1,0,0,0,0,0,0,0,0,0,0,0,1,0,0
data/external/actions/ucf101_frames_debug/balance_beam/v_BalanceBeam_g20_c01_frame_000028.jpg,ucf101,balance_beam,data\external\actions\UCF101\BalanceBeam\v_BalanceBeam_g20_c01.avi,0,0,0,0,0,1,0,0,0,0,0,0,0,0,0,0,0,1,0,0
data/external/actions/ucf101_frames_debug/balance_beam/v_BalanceBeam_g20_c01_frame_000056.jpg,ucf101,balance_beam,data\external\actions\UCF101\BalanceBeam\v_BalanceBeam_g20_c01.avi,0,0,0,0,0,1,0,0,0,0,0,0,0,0,0,0,0,1,0,0
data/external/actions/ucf101_frames_debug/balance_beam/v_BalanceBeam_g21_c03_frame_000041.jpg,ucf101,balance_beam,data\external\actions\UCF101\BalanceBeam\v_BalanceBeam_g21_c03.avi,0,0,0,0,0,1,0,0,0,0,0,0,0,0,0,0,0,1,0,0
data/external/actions/ucf101_frames_debug/balance_beam/v_BalanceBeam_g21_c03_frame_000083.jpg,ucf101,balance_beam,data\external\actions\UCF101\BalanceBeam\v_BalanceBeam_g21_c03.avi,0,0,0,0,0,1,0,0,0,0,0,0,0,0,0,0,0,1,0,0
data/external/actions/ucf101_frames_debug/balance_beam/v_BalanceBeam_g23_c03_frame_000019.jpg,ucf101,balance_beam,data\external\actions\UCF101\BalanceBeam\v_BalanceBeam_g23_c03.avi,0,0,0,0,0,1,0,0,0,0,0,0,0,0,0,0,0,1,0,0
data/external/actions/ucf101_frames_debug/balance_beam/v_BalanceBeam_g23_c03_frame_000038.jpg,ucf101,balance_beam,data\external\actions\UCF101\BalanceBeam\v_BalanceBeam_g23_c03.avi,0,0,0,0,0,1,0,0,0,0,0,0,0,0,0,0,0,1,0,0
data/external/actions/ucf101_frames_debug/balance_beam/v_BalanceBeam_g24_c03_frame_000033.jpg,ucf101,balance_beam,data\external\actions\UCF101\BalanceBeam\v_BalanceBeam_g24_c03.avi,0,0,0,0,0,1,0,0,0,0,0,0,0,0,0,0,0,1,0,0
data/external/actions/ucf101_frames_debug/balance_beam/v_BalanceBeam_g24_c03_frame_000066.jpg,ucf101,balance_beam,data\external\actions\UCF101\BalanceBeam\v_BalanceBeam_g24_c03.avi,0,0,0,0,0,1,0,0,0,0,0,0,0,0,0,0,0,1,0,0
data/external/actions/ucf101_frames_debug/balance_beam/v_BalanceBeam_g25_c03_frame_000030.jpg,ucf101,balance_beam,data\external\actions\UCF101\BalanceBeam\v_BalanceBeam_g25_c03.avi,0,0,0,0,0,1,0,0,0,0,0,0,0,0,0,0,0,1,0,0
data/external/actions/ucf101_frames_debug/balance_beam/v_BalanceBeam_g25_c03_frame_000061.jpg,ucf101,balance_beam,data\external\actions\UCF101\BalanceBeam\v_BalanceBeam_g25_c03.avi,0,0,0,0,0,1,0,0,0,0,0,0,0,0,0,0,0,1,0,0
data/external/actions/ucf101_frames_debug/band_marching/v_BandMarching_g01_c03_frame_000050.jpg,ucf101,band_marching,data\external\actions\UCF101\BandMarching\v_BandMarching_g01_c03.avi,0,0,0,0,0,1,0,0,0,0,0,1,0,0,0,0,0,1,0,0
data/external/actions/ucf101_frames_debug/band_marching/v_BandMarching_g01_c03_frame_000100.jpg,ucf101,band_marching,data\external\actions\UCF101\BandMarching\v_BandMarching_g01_c03.avi,0,0,0,0,0,1,0,0,0,0,0,1,0,0,0,0,0,1,0,0
data/external/actions/ucf101_frames_debug/band_marching/v_BandMarching_g02_c01_frame_000052.jpg,ucf101,band_marching,data\external\actions\UCF101\BandMarching\v_BandMarching_g02_c01.avi,0,0,0,0,0,1,0,0,0,0,0,1,0,0,0,0,0,1,0,0
data/external/actions/ucf101_frames_debug/band_marching/v_BandMarching_g02_c01_frame_000104.jpg,ucf101,band_marching,data\external\actions\UCF101\BandMarching\v_BandMarching_g02_c01.avi,0,0,0,0,0,1,0,0,0,0,0,1,0,0,0,0,0,1,0,0
data/external/actions/ucf101_frames_debug/band_marching/v_BandMarching_g02_c03_frame_000041.jpg,ucf101,band_marching,data\external\actions\UCF101\BandMarching\v_BandMarching_g02_c03.avi,0,0,0,0,0,1,0,0,0,0,0,1,0,0,0,0,0,1,0,0
data/external/actions/ucf101_frames_debug/band_marching/v_BandMarching_g02_c03_frame_000082.jpg,ucf101,band_marching,data\external\actions\UCF101\BandMarching\v_BandMarching_g02_c03.avi,0,0,0,0,0,1,0,0,0,0,0,1,0,0,0,0,0,1,0,0
data/external/actions/ucf101_frames_debug/band_marching/v_BandMarching_g02_c07_frame_000048.jpg,ucf101,band_marching,data\external\actions\UCF101\BandMarching\v_BandMarching_g02_c07.avi,0,0,0,0,0,1,0,0,0,0,0,1,0,0,0,0,0,1,0,0
data/external/actions/ucf101_frames_debug/band_marching/v_BandMarching_g02_c07_frame_000096.jpg,ucf101,band_marching,data\external\actions\UCF101\BandMarching\v_BandMarching_g02_c07.avi,0,0,0,0,0,1,0,0,0,0,0,1,0,0,0,0,0,1,0,0
data/external/actions/ucf101_frames_debug/band_marching/v_BandMarching_g05_c04_frame_000029.jpg,ucf101,band_marching,data\external\actions\UCF101\BandMarching\v_BandMarching_g05_c04.avi,0,0,0,0,0,1,0,0,0,0,0,1,0,0,0,0,0,1,0,0
data/external/actions/ucf101_frames_debug/band_marching/v_BandMarching_g05_c04_frame_000059.jpg,ucf101,band_marching,data\external\actions\UCF101\BandMarching\v_BandMarching_g05_c04.avi,0,0,0,0,0,1,0,0,0,0,0,1,0,0,0,0,0,1,0,0
data/external/actions/ucf101_frames_debug/band_marching/v_BandMarching_g09_c06_frame_000039.jpg,ucf101,band_marching,data\external\actions\UCF101\BandMarching\v_BandMarching_g09_c06.avi,0,0,0,0,0,1,0,0,0,0,0,1,0,0,0,0,0,1,0,0
data/external/actions/ucf101_frames_debug/band_marching/v_BandMarching_g09_c06_frame_000078.jpg,ucf101,band_marching,data\external\actions\UCF101\BandMarching\v_BandMarching_g09_c06.avi,0,0,0,0,0,1,0,0,0,0,0,1,0,0,0,0,0,1,0,0
data/external/actions/ucf101_frames_debug/band_marching/v_BandMarching_g09_c07_frame_000044.jpg,ucf101,band_marching,data\external\actions\UCF101\BandMarching\v_BandMarching_g09_c07.avi,0,0,0,0,0,1,0,0,0,0,0,1,0,0,0,0,0,1,0,0
data/external/actions/ucf101_frames_debug/band_marching/v_BandMarching_g09_c07_frame_000088.jpg,ucf101,band_marching,data\external\actions\UCF101\BandMarching\v_BandMarching_g09_c07.avi,0,0,0,0,0,1,0,0,0,0,0,1,0,0,0,0,0,1,0,0
data/external/actions/ucf101_frames_debug/band_marching/v_BandMarching_g10_c04_frame_000053.jpg,ucf101,band_marching,data\external\actions\UCF101\BandMarching\v_BandMarching_g10_c04.avi,0,0,0,0,0,1,0,0,0,0,0,1,0,0,0,0,0,1,0,0
data/external/actions/ucf101_frames_debug/band_marching/v_BandMarching_g10_c04_frame_000107.jpg,ucf101,band_marching,data\external\actions\UCF101\BandMarching\v_BandMarching_g10_c04.avi,0,0,0,0,0,1,0,0,0,0,0,1,0,0,0,0,0,1,0,0
data/external/actions/ucf101_frames_debug/band_marching/v_BandMarching_g10_c05_frame_000062.jpg,ucf101,band_marching,data\external\actions\UCF101\BandMarching\v_BandMarching_g10_c05.avi,0,0,0,0,0,1,0,0,0,0,0,1,0,0,0,0,0,1,0,0
data/external/actions/ucf101_frames_debug/band_marching/v_BandMarching_g10_c05_frame_000125.jpg,ucf101,band_marching,data\external\actions\UCF101\BandMarching\v_BandMarching_g10_c05.avi,0,0,0,0,0,1,0,0,0,0,0,1,0,0,0,0,0,1,0,0
data/external/actions/ucf101_frames_debug/band_marching/v_BandMarching_g11_c02_frame_000100.jpg,ucf101,band_marching,data\external\actions\UCF101\BandMarching\v_BandMarching_g11_c02.avi,0,0,0,0,0,1,0,0,0,0,0,1,0,0,0,0,0,1,0,0
data/external/actions/ucf101_frames_debug/band_marching/v_BandMarching_g11_c02_frame_000200.jpg,ucf101,band_marching,data\external\actions\UCF101\BandMarching\v_BandMarching_g11_c02.avi,0,0,0,0,0,1,0,0,0,0,0,1,0,0,0,0,0,1,0,0
data/external/actions/ucf101_frames_debug/band_marching/v_BandMarching_g12_c01_frame_000162.jpg,ucf101,band_marching,data\external\actions\UCF101\BandMarching\v_BandMarching_g12_c01.avi,0,0,0,0,0,1,0,0,0,0,0,1,0,0,0,0,0,1,0,0
data/external/actions/ucf101_frames_debug/band_marching/v_BandMarching_g12_c01_frame_000325.jpg,ucf101,band_marching,data\external\actions\UCF101\BandMarching\v_BandMarching_g12_c01.avi,0,0,0,0,0,1,0,0,0,0,0,1,0,0,0,0,0,1,0,0
data/external/actions/ucf101_frames_debug/band_marching/v_BandMarching_g12_c03_frame_000086.jpg,ucf101,band_marching,data\external\actions\UCF101\BandMarching\v_BandMarching_g12_c03.avi,0,0,0,0,0,1,0,0,0,0,0,1,0,0,0,0,0,1,0,0
data/external/actions/ucf101_frames_debug/band_marching/v_BandMarching_g12_c03_frame_000173.jpg,ucf101,band_marching,data\external\actions\UCF101\BandMarching\v_BandMarching_g12_c03.avi,0,0,0,0,0,1,0,0,0,0,0,1,0,0,0,0,0,1,0,0
data/external/actions/ucf101_frames_debug/band_marching/v_BandMarching_g14_c03_frame_000073.jpg,ucf101,band_marching,data\external\actions\UCF101\BandMarching\v_BandMarching_g14_c03.avi,0,0,0,0,0,1,0,0,0,0,0,1,0,0,0,0,0,1,0,0
data/external/actions/ucf101_frames_debug/band_marching/v_BandMarching_g14_c03_frame_000146.jpg,ucf101,band_marching,data\external\actions\UCF101\BandMarching\v_BandMarching_g14_c03.avi,0,0,0,0,0,1,0,0,0,0,0,1,0,0,0,0,0,1,0,0
data/external/actions/ucf101_frames_debug/band_marching/v_BandMarching_g14_c06_frame_000069.jpg,ucf101,band_marching,data\external\actions\UCF101\BandMarching\v_BandMarching_g14_c06.avi,0,0,0,0,0,1,0,0,0,0,0,1,0,0,0,0,0,1,0,0
data/external/actions/ucf101_frames_debug/band_marching/v_BandMarching_g14_c06_frame_000138.jpg,ucf101,band_marching,data\external\actions\UCF101\BandMarching\v_BandMarching_g14_c06.avi,0,0,0,0,0,1,0,0,0,0,0,1,0,0,0,0,0,1,0,0
data/external/actions/ucf101_frames_debug/band_marching/v_BandMarching_g15_c04_frame_000085.jpg,ucf101,band_marching,data\external\actions\UCF101\BandMarching\v_BandMarching_g15_c04.avi,0,0,0,0,0,1,0,0,0,0,0,1,0,0,0,0,0,1,0,0
data/external/actions/ucf101_frames_debug/band_marching/v_BandMarching_g15_c04_frame_000171.jpg,ucf101,band_marching,data\external\actions\UCF101\BandMarching\v_BandMarching_g15_c04.avi,0,0,0,0,0,1,0,0,0,0,0,1,0,0,0,0,0,1,0,0
data/external/actions/ucf101_frames_debug/band_marching/v_BandMarching_g15_c05_frame_000157.jpg,ucf101,band_marching,data\external\actions\UCF101\BandMarching\v_BandMarching_g15_c05.avi,0,0,0,0,0,1,0,0,0,0,0,1,0,0,0,0,0,1,0,0
data/external/actions/ucf101_frames_debug/band_marching/v_BandMarching_g15_c05_frame_000314.jpg,ucf101,band_marching,data\external\actions\UCF101\BandMarching\v_BandMarching_g15_c05.avi,0,0,0,0,0,1,0,0,0,0,0,1,0,0,0,0,0,1,0,0
data/external/actions/ucf101_frames_debug/band_marching/v_BandMarching_g17_c04_frame_000048.jpg,ucf101,band_marching,data\external\actions\UCF101\BandMarching\v_BandMarching_g17_c04.avi,0,0,0,0,0,1,0,0,0,0,0,1,0,0,0,0,0,1,0,0
data/external/actions/ucf101_frames_debug/band_marching/v_BandMarching_g17_c04_frame_000097.jpg,ucf101,band_marching,data\external\actions\UCF101\BandMarching\v_BandMarching_g17_c04.avi,0,0,0,0,0,1,0,0,0,0,0,1,0,0,0,0,0,1,0,0
data/external/actions/ucf101_frames_debug/band_marching/v_BandMarching_g20_c01_frame_000058.jpg,ucf101,band_marching,data\external\actions\UCF101\BandMarching\v_BandMarching_g20_c01.avi,0,0,0,0,0,1,0,0,0,0,0,1,0,0,0,0,0,1,0,0
data/external/actions/ucf101_frames_debug/band_marching/v_BandMarching_g20_c01_frame_000117.jpg,ucf101,band_marching,data\external\actions\UCF101\BandMarching\v_BandMarching_g20_c01.avi,0,0,0,0,0,1,0,0,0,0,0,1,0,0,0,0,0,1,0,0
data/external/actions/ucf101_frames_debug/band_marching/v_BandMarching_g22_c02_frame_000043.jpg,ucf101,band_marching,data\external\actions\UCF101\BandMarching\v_BandMarching_g22_c02.avi,0,0,0,0,0,1,0,0,0,0,0,1,0,0,0,0,0,1,0,0
data/external/actions/ucf101_frames_debug/band_marching/v_BandMarching_g22_c02_frame_000087.jpg,ucf101,band_marching,data\external\actions\UCF101\BandMarching\v_BandMarching_g22_c02.avi,0,0,0,0,0,1,0,0,0,0,0,1,0,0,0,0,0,1,0,0
data/external/actions/ucf101_frames_debug/band_marching/v_BandMarching_g25_c07_frame_000071.jpg,ucf101,band_marching,data\external\actions\UCF101\BandMarching\v_BandMarching_g25_c07.avi,0,0,0,0,0,1,0,0,0,0,0,1,0,0,0,0,0,1,0,0
data/external/actions/ucf101_frames_debug/band_marching/v_BandMarching_g25_c07_frame_000142.jpg,ucf101,band_marching,data\external\actions\UCF101\BandMarching\v_BandMarching_g25_c07.avi,0,0,0,0,0,1,0,0,0,0,0,1,0,0,0,0,0,1,0,0
data/external/actions/ucf101_frames_debug/baseball_pitch/v_BaseballPitch_g05_c07_frame_000023.jpg,ucf101,baseball_pitch,data\external\actions\UCF101\BaseballPitch\v_BaseballPitch_g05_c07.avi,0,0,0,0,1,0,0,0,0,0,0,0,0,0,0,0,0,1,1,0
data/external/actions/ucf101_frames_debug/baseball_pitch/v_BaseballPitch_g05_c07_frame_000046.jpg,ucf101,baseball_pitch,data\external\actions\UCF101\BaseballPitch\v_BaseballPitch_g05_c07.avi,0,0,0,0,1,0,0,0,0,0,0,0,0,0,0,0,0,1,1,0
data/external/actions/ucf101_frames_debug/baseball_pitch/v_BaseballPitch_g06_c01_frame_000033.jpg,ucf101,baseball_pitch,data\external\actions\UCF101\BaseballPitch\v_BaseballPitch_g06_c01.avi,0,0,0,0,1,0,0,0,0,0,0,0,0,0,0,0,0,1,1,0
data/external/actions/ucf101_frames_debug/baseball_pitch/v_BaseballPitch_g06_c01_frame_000066.jpg,ucf101,baseball_pitch,data\external\actions\UCF101\BaseballPitch\v_BaseballPitch_g06_c01.avi,0,0,0,0,1,0,0,0,0,0,0,0,0,0,0,0,0,1,1,0
data/external/actions/ucf101_frames_debug/baseball_pitch/v_BaseballPitch_g07_c04_frame_000029.jpg,ucf101,baseball_pitch,data\external\actions\UCF101\BaseballPitch\v_BaseballPitch_g07_c04.avi,0,0,0,0,1,0,0,0,0,0,0,0,0,0,0,0,0,1,1,0
data/external/actions/ucf101_frames_debug/baseball_pitch/v_BaseballPitch_g07_c04_frame_000058.jpg,ucf101,baseball_pitch,data\external\actions\UCF101\BaseballPitch\v_BaseballPitch_g07_c04.avi,0,0,0,0,1,0,0,0,0,0,0,0,0,0,0,0,0,1,1,0
data/external/actions/ucf101_frames_debug/baseball_pitch/v_BaseballPitch_g10_c02_frame_000058.jpg,ucf101,baseball_pitch,data\external\actions\UCF101\BaseballPitch\v_BaseballPitch_g10_c02.avi,0,0,0,0,1,0,0,0,0,0,0,0,0,0,0,0,0,1,1,0
data/external/actions/ucf101_frames_debug/baseball_pitch/v_BaseballPitch_g10_c02_frame_000116.jpg,ucf101,baseball_pitch,data\external\actions\UCF101\BaseballPitch\v_BaseballPitch_g10_c02.avi,0,0,0,0,1,0,0,0,0,0,0,0,0,0,0,0,0,1,1,0
data/external/actions/ucf101_frames_debug/baseball_pitch/v_BaseballPitch_g10_c03_frame_000039.jpg,ucf101,baseball_pitch,data\external\actions\UCF101\BaseballPitch\v_BaseballPitch_g10_c03.avi,0,0,0,0,1,0,0,0,0,0,0,0,0,0,0,0,0,1,1,0
data/external/actions/ucf101_frames_debug/baseball_pitch/v_BaseballPitch_g10_c03_frame_000078.jpg,ucf101,baseball_pitch,data\external\actions\UCF101\BaseballPitch\v_BaseballPitch_g10_c03.avi,0,0,0,0,1,0,0,0,0,0,0,0,0,0,0,0,0,1,1,0
data/external/actions/ucf101_frames_debug/baseball_pitch/v_BaseballPitch_g12_c01_frame_000042.jpg,ucf101,baseball_pitch,data\external\actions\UCF101\BaseballPitch\v_BaseballPitch_g12_c01.avi,0,0,0,0,1,0,0,0,0,0,0,0,0,0,0,0,0,1,1,0
data/external/actions/ucf101_frames_debug/baseball_pitch/v_BaseballPitch_g12_c01_frame_000084.jpg,ucf101,baseball_pitch,data\external\actions\UCF101\BaseballPitch\v_BaseballPitch_g12_c01.avi,0,0,0,0,1,0,0,0,0,0,0,0,0,0,0,0,0,1,1,0
data/external/actions/ucf101_frames_debug/baseball_pitch/v_BaseballPitch_g13_c04_frame_000043.jpg,ucf101,baseball_pitch,data\external\actions\UCF101\BaseballPitch\v_BaseballPitch_g13_c04.avi,0,0,0,0,1,0,0,0,0,0,0,0,0,0,0,0,0,1,1,0
data/external/actions/ucf101_frames_debug/baseball_pitch/v_BaseballPitch_g13_c04_frame_000087.jpg,ucf101,baseball_pitch,data\external\actions\UCF101\BaseballPitch\v_BaseballPitch_g13_c04.avi,0,0,0,0,1,0,0,0,0,0,0,0,0,0,0,0,0,1,1,0
data/external/actions/ucf101_frames_debug/baseball_pitch/v_BaseballPitch_g15_c01_frame_000023.jpg,ucf101,baseball_pitch,data\external\actions\UCF101\BaseballPitch\v_BaseballPitch_g15_c01.avi,0,0,0,0,1,0,0,0,0,0,0,0,0,0,0,0,0,1,1,0
data/external/actions/ucf101_frames_debug/baseball_pitch/v_BaseballPitch_g15_c01_frame_000046.jpg,ucf101,baseball_pitch,data\external\actions\UCF101\BaseballPitch\v_BaseballPitch_g15_c01.avi,0,0,0,0,1,0,0,0,0,0,0,0,0,0,0,0,0,1,1,0
data/external/actions/ucf101_frames_debug/baseball_pitch/v_BaseballPitch_g15_c03_frame_000025.jpg,ucf101,baseball_pitch,data\external\actions\UCF101\BaseballPitch\v_BaseballPitch_g15_c03.avi,0,0,0,0,1,0,0,0,0,0,0,0,0,0,0,0,0,1,1,0
data/external/actions/ucf101_frames_debug/baseball_pitch/v_BaseballPitch_g15_c03_frame_000050.jpg,ucf101,baseball_pitch,data\external\actions\UCF101\BaseballPitch\v_BaseballPitch_g15_c03.avi,0,0,0,0,1,0,0,0,0,0,0,0,0,0,0,0,0,1,1,0
data/external/actions/ucf101_frames_debug/baseball_pitch/v_BaseballPitch_g16_c05_frame_000028.jpg,ucf101,baseball_pitch,data\external\actions\UCF101\BaseballPitch\v_BaseballPitch_g16_c05.avi,0,0,0,0,1,0,0,0,0,0,0,0,0,0,0,0,0,1,1,0
data/external/actions/ucf101_frames_debug/baseball_pitch/v_BaseballPitch_g16_c05_frame_000056.jpg,ucf101,baseball_pitch,data\external\actions\UCF101\BaseballPitch\v_BaseballPitch_g16_c05.avi,0,0,0,0,1,0,0,0,0,0,0,0,0,0,0,0,0,1,1,0
data/external/actions/ucf101_frames_debug/baseball_pitch/v_BaseballPitch_g16_c06_frame_000026.jpg,ucf101,baseball_pitch,data\external\actions\UCF101\BaseballPitch\v_BaseballPitch_g16_c06.avi,0,0,0,0,1,0,0,0,0,0,0,0,0,0,0,0,0,1,1,0
data/external/actions/ucf101_frames_debug/baseball_pitch/v_BaseballPitch_g16_c06_frame_000052.jpg,ucf101,baseball_pitch,data\external\actions\UCF101\BaseballPitch\v_BaseballPitch_g16_c06.avi,0,0,0,0,1,0,0,0,0,0,0,0,0,0,0,0,0,1,1,0
data/external/actions/ucf101_frames_debug/baseball_pitch/v_BaseballPitch_g17_c03_frame_000029.jpg,ucf101,baseball_pitch,data\external\actions\UCF101\BaseballPitch\v_BaseballPitch_g17_c03.avi,0,0,0,0,1,0,0,0,0,0,0,0,0,0,0,0,0,1,1,0
data/external/actions/ucf101_frames_debug/baseball_pitch/v_BaseballPitch_g17_c03_frame_000058.jpg,ucf101,baseball_pitch,data\external\actions\UCF101\BaseballPitch\v_BaseballPitch_g17_c03.avi,0,0,0,0,1,0,0,0,0,0,0,0,0,0,0,0,0,1,1,0
data/external/actions/ucf101_frames_debug/baseball_pitch/v_BaseballPitch_g20_c02_frame_000036.jpg,ucf101,baseball_pitch,data\external\actions\UCF101\BaseballPitch\v_BaseballPitch_g20_c02.avi,0,0,0,0,1,0,0,0,0,0,0,0,0,0,0,0,0,1,1,0
data/external/actions/ucf101_frames_debug/baseball_pitch/v_BaseballPitch_g20_c02_frame_000073.jpg,ucf101,baseball_pitch,data\external\actions\UCF101\BaseballPitch\v_BaseballPitch_g20_c02.avi,0,0,0,0,1,0,0,0,0,0,0,0,0,0,0,0,0,1,1,0
data/external/actions/ucf101_frames_debug/baseball_pitch/v_BaseballPitch_g20_c04_frame_000034.jpg,ucf101,baseball_pitch,data\external\actions\UCF101\BaseballPitch\v_BaseballPitch_g20_c04.avi,0,0,0,0,1,0,0,0,0,0,0,0,0,0,0,0,0,1,1,0
data/external/actions/ucf101_frames_debug/baseball_pitch/v_BaseballPitch_g20_c04_frame_000068.jpg,ucf101,baseball_pitch,data\external\actions\UCF101\BaseballPitch\v_BaseballPitch_g20_c04.avi,0,0,0,0,1,0,0,0,0,0,0,0,0,0,0,0,0,1,1,0
data/external/actions/ucf101_frames_debug/baseball_pitch/v_BaseballPitch_g21_c03_frame_000050.jpg,ucf101,baseball_pitch,data\external\actions\UCF101\BaseballPitch\v_BaseballPitch_g21_c03.avi,0,0,0,0,1,0,0,0,0,0,0,0,0,0,0,0,0,1,1,0
data/external/actions/ucf101_frames_debug/baseball_pitch/v_BaseballPitch_g21_c03_frame_000101.jpg,ucf101,baseball_pitch,data\external\actions\UCF101\BaseballPitch\v_BaseballPitch_g21_c03.avi,0,0,0,0,1,0,0,0,0,0,0,0,0,0,0,0,0,1,1,0
data/external/actions/ucf101_frames_debug/baseball_pitch/v_BaseballPitch_g22_c06_frame_000023.jpg,ucf101,baseball_pitch,data\external\actions\UCF101\BaseballPitch\v_BaseballPitch_g22_c06.avi,0,0,0,0,1,0,0,0,0,0,0,0,0,0,0,0,0,1,1,0
data/external/actions/ucf101_frames_debug/baseball_pitch/v_BaseballPitch_g22_c06_frame_000047.jpg,ucf101,baseball_pitch,data\external\actions\UCF101\BaseballPitch\v_BaseballPitch_g22_c06.avi,0,0,0,0,1,0,0,0,0,0,0,0,0,0,0,0,0,1,1,0
data/external/actions/ucf101_frames_debug/baseball_pitch/v_BaseballPitch_g24_c01_frame_000048.jpg,ucf101,baseball_pitch,data\external\actions\UCF101\BaseballPitch\v_BaseballPitch_g24_c01.avi,0,0,0,0,1,0,0,0,0,0,0,0,0,0,0,0,0,1,1,0
data/external/actions/ucf101_frames_debug/baseball_pitch/v_BaseballPitch_g24_c01_frame_000097.jpg,ucf101,baseball_pitch,data\external\actions\UCF101\BaseballPitch\v_BaseballPitch_g24_c01.avi,0,0,0,0,1,0,0,0,0,0,0,0,0,0,0,0,0,1,1,0
data/external/actions/ucf101_frames_debug/baseball_pitch/v_BaseballPitch_g24_c02_frame_000039.jpg,ucf101,baseball_pitch,data\external\actions\UCF101\BaseballPitch\v_BaseballPitch_g24_c02.avi,0,0,0,0,1,0,0,0,0,0,0,0,0,0,0,0,0,1,1,0
data/external/actions/ucf101_frames_debug/baseball_pitch/v_BaseballPitch_g24_c02_frame_000079.jpg,ucf101,baseball_pitch,data\external\actions\UCF101\BaseballPitch\v_BaseballPitch_g24_c02.avi,0,0,0,0,1,0,0,0,0,0,0,0,0,0,0,0,0,1,1,0
data/external/actions/ucf101_frames_debug/baseball_pitch/v_BaseballPitch_g25_c02_frame_000033.jpg,ucf101,baseball_pitch,data\external\actions\UCF101\BaseballPitch\v_BaseballPitch_g25_c02.avi,0,0,0,0,1,0,0,0,0,0,0,0,0,0,0,0,0,1,1,0
data/external/actions/ucf101_frames_debug/baseball_pitch/v_BaseballPitch_g25_c02_frame_000067.jpg,ucf101,baseball_pitch,data\external\actions\UCF101\BaseballPitch\v_BaseballPitch_g25_c02.avi,0,0,0,0,1,0,0,0,0,0,0,0,0,0,0,0,0,1,1,0
data/external/actions/ucf101_frames_debug/basketball/v_Basketball_g01_c02_frame_000060.jpg,ucf101,basketball,data\external\actions\UCF101\Basketball\v_Basketball_g01_c02.avi,0,0,0,0,0,0,1,0,0,0,0,1,0,0,0,0,0,1,0,0
data/external/actions/ucf101_frames_debug/basketball/v_Basketball_g01_c02_frame_000120.jpg,ucf101,basketball,data\external\actions\UCF101\Basketball\v_Basketball_g01_c02.avi,0,0,0,0,0,0,1,0,0,0,0,1,0,0,0,0,0,1,0,0
data/external/actions/ucf101_frames_debug/basketball/v_Basketball_g01_c04_frame_000036.jpg,ucf101,basketball,data\external\actions\UCF101\Basketball\v_Basketball_g01_c04.avi,0,0,0,0,0,0,1,0,0,0,0,1,0,0,0,0,0,1,0,0
data/external/actions/ucf101_frames_debug/basketball/v_Basketball_g01_c04_frame_000072.jpg,ucf101,basketball,data\external\actions\UCF101\Basketball\v_Basketball_g01_c04.avi,0,0,0,0,0,0,1,0,0,0,0,1,0,0,0,0,0,1,0,0
data/external/actions/ucf101_frames_debug/basketball/v_Basketball_g02_c03_frame_000037.jpg,ucf101,basketball,data\external\actions\UCF101\Basketball\v_Basketball_g02_c03.avi,0,0,0,0,0,0,1,0,0,0,0,1,0,0,0,0,0,1,0,0
data/external/actions/ucf101_frames_debug/basketball/v_Basketball_g02_c03_frame_000074.jpg,ucf101,basketball,data\external\actions\UCF101\Basketball\v_Basketball_g02_c03.avi,0,0,0,0,0,0,1,0,0,0,0,1,0,0,0,0,0,1,0,0
data/external/actions/ucf101_frames_debug/basketball/v_Basketball_g02_c05_frame_000048.jpg,ucf101,basketball,data\external\actions\UCF101\Basketball\v_Basketball_g02_c05.avi,0,0,0,0,0,0,1,0,0,0,0,1,0,0,0,0,0,1,0,0
data/external/actions/ucf101_frames_debug/basketball/v_Basketball_g02_c05_frame_000096.jpg,ucf101,basketball,data\external\actions\UCF101\Basketball\v_Basketball_g02_c05.avi,0,0,0,0,0,0,1,0,0,0,0,1,0,0,0,0,0,1,0,0
data/external/actions/ucf101_frames_debug/basketball/v_Basketball_g03_c01_frame_000046.jpg,ucf101,basketball,data\external\actions\UCF101\Basketball\v_Basketball_g03_c01.avi,0,0,0,0,0,0,1,0,0,0,0,1,0,0,0,0,0,1,0,0
data/external/actions/ucf101_frames_debug/basketball/v_Basketball_g03_c01_frame_000092.jpg,ucf101,basketball,data\external\actions\UCF101\Basketball\v_Basketball_g03_c01.avi,0,0,0,0,0,0,1,0,0,0,0,1,0,0,0,0,0,1,0,0
data/external/actions/ucf101_frames_debug/basketball/v_Basketball_g03_c05_frame_000041.jpg,ucf101,basketball,data\external\actions\UCF101\Basketball\v_Basketball_g03_c05.avi,0,0,0,0,0,0,1,0,0,0,0,1,0,0,0,0,0,1,0,0
data/external/actions/ucf101_frames_debug/basketball/v_Basketball_g03_c05_frame_000082.jpg,ucf101,basketball,data\external\actions\UCF101\Basketball\v_Basketball_g03_c05.avi,0,0,0,0,0,0,1,0,0,0,0,1,0,0,0,0,0,1,0,0
data/external/actions/ucf101_frames_debug/basketball/v_Basketball_g08_c03_frame_000032.jpg,ucf101,basketball,data\external\actions\UCF101\Basketball\v_Basketball_g08_c03.avi,0,0,0,0,0,0,1,0,0,0,0,1,0,0,0,0,0,1,0,0
data/external/actions/ucf101_frames_debug/basketball/v_Basketball_g08_c03_frame_000064.jpg,ucf101,basketball,data\external\actions\UCF101\Basketball\v_Basketball_g08_c03.avi,0,0,0,0,0,0,1,0,0,0,0,1,0,0,0,0,0,1,0,0
data/external/actions/ucf101_frames_debug/basketball/v_Basketball_g09_c01_frame_000037.jpg,ucf101,basketball,data\external\actions\UCF101\Basketball\v_Basketball_g09_c01.avi,0,0,0,0,0,0,1,0,0,0,0,1,0,0,0,0,0,1,0,0
data/external/actions/ucf101_frames_debug/basketball/v_Basketball_g09_c01_frame_000074.jpg,ucf101,basketball,data\external\actions\UCF101\Basketball\v_Basketball_g09_c01.avi,0,0,0,0,0,0,1,0,0,0,0,1,0,0,0,0,0,1,0,0
data/external/actions/ucf101_frames_debug/basketball/v_Basketball_g11_c02_frame_000047.jpg,ucf101,basketball,data\external\actions\UCF101\Basketball\v_Basketball_g11_c02.avi,0,0,0,0,0,0,1,0,0,0,0,1,0,0,0,0,0,1,0,0
data/external/actions/ucf101_frames_debug/basketball/v_Basketball_g11_c02_frame_000095.jpg,ucf101,basketball,data\external\actions\UCF101\Basketball\v_Basketball_g11_c02.avi,0,0,0,0,0,0,1,0,0,0,0,1,0,0,0,0,0,1,0,0
data/external/actions/ucf101_frames_debug/basketball/v_Basketball_g12_c01_frame_000092.jpg,ucf101,basketball,data\external\actions\UCF101\Basketball\v_Basketball_g12_c01.avi,0,0,0,0,0,0,1,0,0,0,0,1,0,0,0,0,0,1,0,0
data/external/actions/ucf101_frames_debug/basketball/v_Basketball_g12_c01_frame_000185.jpg,ucf101,basketball,data\external\actions\UCF101\Basketball\v_Basketball_g12_c01.avi,0,0,0,0,0,0,1,0,0,0,0,1,0,0,0,0,0,1,0,0
data/external/actions/ucf101_frames_debug/basketball/v_Basketball_g12_c02_frame_000061.jpg,ucf101,basketball,data\external\actions\UCF101\Basketball\v_Basketball_g12_c02.avi,0,0,0,0,0,0,1,0,0,0,0,1,0,0,0,0,0,1,0,0
data/external/actions/ucf101_frames_debug/basketball/v_Basketball_g12_c02_frame_000122.jpg,ucf101,basketball,data\external\actions\UCF101\Basketball\v_Basketball_g12_c02.avi,0,0,0,0,0,0,1,0,0,0,0,1,0,0,0,0,0,1,0,0
data/external/actions/ucf101_frames_debug/basketball/v_Basketball_g15_c01_frame_000040.jpg,ucf101,basketball,data\external\actions\UCF101\Basketball\v_Basketball_g15_c01.avi,0,0,0,0,0,0,1,0,0,0,0,1,0,0,0,0,0,1,0,0
data/external/actions/ucf101_frames_debug/basketball/v_Basketball_g15_c01_frame_000080.jpg,ucf101,basketball,data\external\actions\UCF101\Basketball\v_Basketball_g15_c01.avi,0,0,0,0,0,0,1,0,0,0,0,1,0,0,0,0,0,1,0,0
data/external/actions/ucf101_frames_debug/basketball/v_Basketball_g15_c05_frame_000058.jpg,ucf101,basketball,data\external\actions\UCF101\Basketball\v_Basketball_g15_c05.avi,0,0,0,0,0,0,1,0,0,0,0,1,0,0,0,0,0,1,0,0
data/external/actions/ucf101_frames_debug/basketball/v_Basketball_g15_c05_frame_000116.jpg,ucf101,basketball,data\external\actions\UCF101\Basketball\v_Basketball_g15_c05.avi,0,0,0,0,0,0,1,0,0,0,0,1,0,0,0,0,0,1,0,0
data/external/actions/ucf101_frames_debug/basketball/v_Basketball_g21_c06_frame_000028.jpg,ucf101,basketball,data\external\actions\UCF101\Basketball\v_Basketball_g21_c06.avi,0,0,0,0,0,0,1,0,0,0,0,1,0,0,0,0,0,1,0,0
data/external/actions/ucf101_frames_debug/basketball/v_Basketball_g21_c06_frame_000056.jpg,ucf101,basketball,data\external\actions\UCF101\Basketball\v_Basketball_g21_c06.avi,0,0,0,0,0,0,1,0,0,0,0,1,0,0,0,0,0,1,0,0
data/external/actions/ucf101_frames_debug/basketball/v_Basketball_g23_c03_frame_000040.jpg,ucf101,basketball,data\external\actions\UCF101\Basketball\v_Basketball_g23_c03.avi,0,0,0,0,0,0,1,0,0,0,0,1,0,0,0,0,0,1,0,0
data/external/actions/ucf101_frames_debug/basketball/v_Basketball_g23_c03_frame_000080.jpg,ucf101,basketball,data\external\actions\UCF101\Basketball\v_Basketball_g23_c03.avi,0,0,0,0,0,0,1,0,0,0,0,1,0,0,0,0,0,1,0,0
data/external/actions/ucf101_frames_debug/basketball/v_Basketball_g24_c02_frame_000040.jpg,ucf101,basketball,data\external\actions\UCF101\Basketball\v_Basketball_g24_c02.avi,0,0,0,0,0,0,1,0,0,0,0,1,0,0,0,0,0,1,0,0
data/external/actions/ucf101_frames_debug/basketball/v_Basketball_g24_c02_frame_000080.jpg,ucf101,basketball,data\external\actions\UCF101\Basketball\v_Basketball_g24_c02.avi,0,0,0,0,0,0,1,0,0,0,0,1,0,0,0,0,0,1,0,0
data/external/actions/ucf101_frames_debug/basketball/v_Basketball_g25_c05_frame_000060.jpg,ucf101,basketball,data\external\actions\UCF101\Basketball\v_Basketball_g25_c05.avi,0,0,0,0,0,0,1,0,0,0,0,1,0,0,0,0,0,1,0,0
data/external/actions/ucf101_frames_debug/basketball/v_Basketball_g25_c05_frame_000120.jpg,ucf101,basketball,data\external\actions\UCF101\Basketball\v_Basketball_g25_c05.avi,0,0,0,0,0,0,1,0,0,0,0,1,0,0,0,0,0,1,0,0
data/external/actions/ucf101_frames_debug/basketball/v_BasketballDunk_g04_c03_frame_000020.jpg,ucf101,basketball,data\external\actions\UCF101\Basketball\v_BasketballDunk_g04_c03.avi,0,0,0,0,0,0,1,0,0,0,0,1,0,0,0,0,0,1,0,0
data/external/actions/ucf101_frames_debug/basketball/v_BasketballDunk_g04_c03_frame_000041.jpg,ucf101,basketball,data\external\actions\UCF101\Basketball\v_BasketballDunk_g04_c03.avi,0,0,0,0,0,0,1,0,0,0,0,1,0,0,0,0,0,1,0,0
data/external/actions/ucf101_frames_debug/basketball/v_BasketballDunk_g05_c06_frame_000028.jpg,ucf101,basketball,data\external\actions\UCF101\Basketball\v_BasketballDunk_g05_c06.avi,0,0,0,0,0,0,1,0,0,0,0,1,0,0,0,0,0,1,0,0
data/external/actions/ucf101_frames_debug/basketball/v_BasketballDunk_g05_c06_frame_000056.jpg,ucf101,basketball,data\external\actions\UCF101\Basketball\v_BasketballDunk_g05_c06.avi,0,0,0,0,0,0,1,0,0,0,0,1,0,0,0,0,0,1,0,0
data/external/actions/ucf101_frames_debug/basketball/v_BasketballDunk_g06_c01_frame_000017.jpg,ucf101,basketball,data\external\actions\UCF101\Basketball\v_BasketballDunk_g06_c01.avi,0,0,0,0,0,0,1,0,0,0,0,1,0,0,0,0,0,1,0,0
data/external/actions/ucf101_frames_debug/basketball/v_BasketballDunk_g06_c01_frame_000034.jpg,ucf101,basketball,data\external\actions\UCF101\Basketball\v_BasketballDunk_g06_c01.avi,0,0,0,0,0,0,1,0,0,0,0,1,0,0,0,0,0,1,0,0
data/external/actions/ucf101_frames_debug/basketball/v_BasketballDunk_g07_c06_frame_000017.jpg,ucf101,basketball,data\external\actions\UCF101\Basketball\v_BasketballDunk_g07_c06.avi,0,0,0,0,0,0,1,0,0,0,0,1,0,0,0,0,0,1,0,0
data/external/actions/ucf101_frames_debug/basketball/v_BasketballDunk_g07_c06_frame_000034.jpg,ucf101,basketball,data\external\actions\UCF101\Basketball\v_BasketballDunk_g07_c06.avi,0,0,0,0,0,0,1,0,0,0,0,1,0,0,0,0,0,1,0,0
data/external/actions/ucf101_frames_debug/basketball/v_BasketballDunk_g08_c03_frame_000019.jpg,ucf101,basketball,data\external\actions\UCF101\Basketball\v_BasketballDunk_g08_c03.avi,0,0,0,0,0,0,1,0,0,0,0,1,0,0,0,0,0,1,0,0
data/external/actions/ucf101_frames_debug/basketball/v_BasketballDunk_g08_c03_frame_000039.jpg,ucf101,basketball,data\external\actions\UCF101\Basketball\v_BasketballDunk_g08_c03.avi,0,0,0,0,0,0,1,0,0,0,0,1,0,0,0,0,0,1,0,0
data/external/actions/ucf101_frames_debug/basketball/v_BasketballDunk_g10_c04_frame_000023.jpg,ucf101,basketball,data\external\actions\UCF101\Basketball\v_BasketballDunk_g10_c04.avi,0,0,0,0,0,0,1,0,0,0,0,1,0,0,0,0,0,1,0,0
data/external/actions/ucf101_frames_debug/basketball/v_BasketballDunk_g10_c04_frame_000046.jpg,ucf101,basketball,data\external\actions\UCF101\Basketball\v_BasketballDunk_g10_c04.avi,0,0,0,0,0,0,1,0,0,0,0,1,0,0,0,0,0,1,0,0
data/external/actions/ucf101_frames_debug/basketball/v_BasketballDunk_g13_c02_frame_000022.jpg,ucf101,basketball,data\external\actions\UCF101\Basketball\v_BasketballDunk_g13_c02.avi,0,0,0,0,0,0,1,0,0,0,0,1,0,0,0,0,0,1,0,0
data/external/actions/ucf101_frames_debug/basketball/v_BasketballDunk_g13_c02_frame_000044.jpg,ucf101,basketball,data\external\actions\UCF101\Basketball\v_BasketballDunk_g13_c02.avi,0,0,0,0,0,0,1,0,0,0,0,1,0,0,0,0,0,1,0,0
data/external/actions/ucf101_frames_debug/basketball/v_BasketballDunk_g13_c04_frame_000024.jpg,ucf101,basketball,data\external\actions\UCF101\Basketball\v_BasketballDunk_g13_c04.avi,0,0,0,0,0,0,1,0,0,0,0,1,0,0,0,0,0,1,0,0
data/external/actions/ucf101_frames_debug/basketball/v_BasketballDunk_g13_c04_frame_000048.jpg,ucf101,basketball,data\external\actions\UCF101\Basketball\v_BasketballDunk_g13_c04.avi,0,0,0,0,0,0,1,0,0,0,0,1,0,0,0,0,0,1,0,0
data/external/actions/ucf101_frames_debug/basketball/v_BasketballDunk_g14_c01_frame_000029.jpg,ucf101,basketball,data\external\actions\UCF101\Basketball\v_BasketballDunk_g14_c01.avi,0,0,0,0,0,0,1,0,0,0,0,1,0,0,0,0,0,1,0,0
data/external/actions/ucf101_frames_debug/basketball/v_BasketballDunk_g14_c01_frame_000058.jpg,ucf101,basketball,data\external\actions\UCF101\Basketball\v_BasketballDunk_g14_c01.avi,0,0,0,0,0,0,1,0,0,0,0,1,0,0,0,0,0,1,0,0
data/external/actions/ucf101_frames_debug/basketball/v_BasketballDunk_g16_c06_frame_000025.jpg,ucf101,basketball,data\external\actions\UCF101\Basketball\v_BasketballDunk_g16_c06.avi,0,0,0,0,0,0,1,0,0,0,0,1,0,0,0,0,0,1,0,0
data/external/actions/ucf101_frames_debug/basketball/v_BasketballDunk_g16_c06_frame_000050.jpg,ucf101,basketball,data\external\actions\UCF101\Basketball\v_BasketballDunk_g16_c06.avi,0,0,0,0,0,0,1,0,0,0,0,1,0,0,0,0,0,1,0,0
data/external/actions/ucf101_frames_debug/basketball/v_BasketballDunk_g19_c01_frame_000024.jpg,ucf101,basketball,data\external\actions\UCF101\Basketball\v_BasketballDunk_g19_c01.avi,0,0,0,0,0,0,1,0,0,0,0,1,0,0,0,0,0,1,0,0
data/external/actions/ucf101_frames_debug/basketball/v_BasketballDunk_g19_c01_frame_000049.jpg,ucf101,basketball,data\external\actions\UCF101\Basketball\v_BasketballDunk_g19_c01.avi,0,0,0,0,0,0,1,0,0,0,0,1,0,0,0,0,0,1,0,0
data/external/actions/ucf101_frames_debug/basketball/v_BasketballDunk_g21_c04_frame_000049.jpg,ucf101,basketball,data\external\actions\UCF101\Basketball\v_BasketballDunk_g21_c04.avi,0,0,0,0,0,0,1,0,0,0,0,1,0,0,0,0,0,1,0,0
data/external/actions/ucf101_frames_debug/basketball/v_BasketballDunk_g21_c04_frame_000098.jpg,ucf101,basketball,data\external\actions\UCF101\Basketball\v_BasketballDunk_g21_c04.avi,0,0,0,0,0,0,1,0,0,0,0,1,0,0,0,0,0,1,0,0
data/external/actions/ucf101_frames_debug/basketball/v_BasketballDunk_g22_c02_frame_000022.jpg,ucf101,basketball,data\external\actions\UCF101\Basketball\v_BasketballDunk_g22_c02.avi,0,0,0,0,0,0,1,0,0,0,0,1,0,0,0,0,0,1,0,0
data/external/actions/ucf101_frames_debug/basketball/v_BasketballDunk_g22_c02_frame_000045.jpg,ucf101,basketball,data\external\actions\UCF101\Basketball\v_BasketballDunk_g22_c02.avi,0,0,0,0,0,0,1,0,0,0,0,1,0,0,0,0,0,1,0,0
data/external/actions/ucf101_frames_debug/basketball/v_BasketballDunk_g22_c03_frame_000037.jpg,ucf101,basketball,data\external\actions\UCF101\Basketball\v_BasketballDunk_g22_c03.avi,0,0,0,0,0,0,1,0,0,0,0,1,0,0,0,0,0,1,0,0
data/external/actions/ucf101_frames_debug/basketball/v_BasketballDunk_g22_c03_frame_000074.jpg,ucf101,basketball,data\external\actions\UCF101\Basketball\v_BasketballDunk_g22_c03.avi,0,0,0,0,0,0,1,0,0,0,0,1,0,0,0,0,0,1,0,0
data/external/actions/ucf101_frames_debug/basketball/v_BasketballDunk_g22_c04_frame_000032.jpg,ucf101,basketball,data\external\actions\UCF101\Basketball\v_BasketballDunk_g22_c04.avi,0,0,0,0,0,0,1,0,0,0,0,1,0,0,0,0,0,1,0,0
data/external/actions/ucf101_frames_debug/basketball/v_BasketballDunk_g22_c04_frame_000064.jpg,ucf101,basketball,data\external\actions\UCF101\Basketball\v_BasketballDunk_g22_c04.avi,0,0,0,0,0,0,1,0,0,0,0,1,0,0,0,0,0,1,0,0
data/external/actions/ucf101_frames_debug/basketball/v_BasketballDunk_g25_c02_frame_000039.jpg,ucf101,basketball,data\external\actions\UCF101\Basketball\v_BasketballDunk_g25_c02.avi,0,0,0,0,0,0,1,0,0,0,0,1,0,0,0,0,0,1,0,0
data/external/actions/ucf101_frames_debug/basketball/v_BasketballDunk_g25_c02_frame_000078.jpg,ucf101,basketball,data\external\actions\UCF101\Basketball\v_BasketballDunk_g25_c02.avi,0,0,0,0,0,0,1,0,0,0,0,1,0,0,0,0,0,1,0,0
data/external/actions/ucf101_frames_debug/basketball/v_BasketballDunk_g25_c03_frame_000027.jpg,ucf101,basketball,data\external\actions\UCF101\Basketball\v_BasketballDunk_g25_c03.avi,0,0,0,0,0,0,1,0,0,0,0,1,0,0,0,0,0,1,0,0
data/external/actions/ucf101_frames_debug/basketball/v_BasketballDunk_g25_c03_frame_000054.jpg,ucf101,basketball,data\external\actions\UCF101\Basketball\v_BasketballDunk_g25_c03.avi,0,0,0,0,0,0,1,0,0,0,0,1,0,0,0,0,0,1,0,0
data/external/actions/ucf101_frames_debug/basketball_dunk/v_BasketballDunk_g01_c02_frame_000021.jpg,ucf101,basketball_dunk,data\external\actions\UCF101\BasketballDunk\v_BasketballDunk_g01_c02.avi,0,0,0,0,0,0,0,1,0,0,0,1,0,0,0,0,0,1,1,0
data/external/actions/ucf101_frames_debug/basketball_dunk/v_BasketballDunk_g01_c02_frame_000043.jpg,ucf101,basketball_dunk,data\external\actions\UCF101\BasketballDunk\v_BasketballDunk_g01_c02.avi,0,0,0,0,0,0,0,1,0,0,0,1,0,0,0,0,0,1,1,0
data/external/actions/ucf101_frames_debug/basketball_dunk/v_BasketballDunk_g01_c04_frame_000020.jpg,ucf101,basketball_dunk,data\external\actions\UCF101\BasketballDunk\v_BasketballDunk_g01_c04.avi,0,0,0,0,0,0,0,1,0,0,0,1,0,0,0,0,0,1,1,0
data/external/actions/ucf101_frames_debug/basketball_dunk/v_BasketballDunk_g01_c04_frame_000040.jpg,ucf101,basketball_dunk,data\external\actions\UCF101\BasketballDunk\v_BasketballDunk_g01_c04.avi,0,0,0,0,0,0,0,1,0,0,0,1,0,0,0,0,0,1,1,0
data/external/actions/ucf101_frames_debug/basketball_dunk/v_BasketballDunk_g01_c05_frame_000022.jpg,ucf101,basketball_dunk,data\external\actions\UCF101\BasketballDunk\v_BasketballDunk_g01_c05.avi,0,0,0,0,0,0,0,1,0,0,0,1,0,0,0,0,0,1,1,0
data/external/actions/ucf101_frames_debug/basketball_dunk/v_BasketballDunk_g01_c05_frame_000044.jpg,ucf101,basketball_dunk,data\external\actions\UCF101\BasketballDunk\v_BasketballDunk_g01_c05.avi,0,0,0,0,0,0,0,1,0,0,0,1,0,0,0,0,0,1,1,0
data/external/actions/ucf101_frames_debug/basketball_dunk/v_BasketballDunk_g02_c01_frame_000018.jpg,ucf101,basketball_dunk,data\external\actions\UCF101\BasketballDunk\v_BasketballDunk_g02_c01.avi,0,0,0,0,0,0,0,1,0,0,0,1,0,0,0,0,0,1,1,0
data/external/actions/ucf101_frames_debug/basketball_dunk/v_BasketballDunk_g02_c01_frame_000037.jpg,ucf101,basketball_dunk,data\external\actions\UCF101\BasketballDunk\v_BasketballDunk_g02_c01.avi,0,0,0,0,0,0,0,1,0,0,0,1,0,0,0,0,0,1,1,0
data/external/actions/ucf101_frames_debug/basketball_dunk/v_BasketballDunk_g02_c02_frame_000036.jpg,ucf101,basketball_dunk,data\external\actions\UCF101\BasketballDunk\v_BasketballDunk_g02_c02.avi,0,0,0,0,0,0,0,1,0,0,0,1,0,0,0,0,0,1,1,0
data/external/actions/ucf101_frames_debug/basketball_dunk/v_BasketballDunk_g02_c02_frame_000072.jpg,ucf101,basketball_dunk,data\external\actions\UCF101\BasketballDunk\v_BasketballDunk_g02_c02.avi,0,0,0,0,0,0,0,1,0,0,0,1,0,0,0,0,0,1,1,0
data/external/actions/ucf101_frames_debug/basketball_dunk/v_BasketballDunk_g05_c01_frame_000017.jpg,ucf101,basketball_dunk,data\external\actions\UCF101\BasketballDunk\v_BasketballDunk_g05_c01.avi,0,0,0,0,0,0,0,1,0,0,0,1,0,0,0,0,0,1,1,0
data/external/actions/ucf101_frames_debug/basketball_dunk/v_BasketballDunk_g05_c01_frame_000034.jpg,ucf101,basketball_dunk,data\external\actions\UCF101\BasketballDunk\v_BasketballDunk_g05_c01.avi,0,0,0,0,0,0,0,1,0,0,0,1,0,0,0,0,0,1,1,0
data/external/actions/ucf101_frames_debug/basketball_dunk/v_BasketballDunk_g08_c04_frame_000019.jpg,ucf101,basketball_dunk,data\external\actions\UCF101\BasketballDunk\v_BasketballDunk_g08_c04.avi,0,0,0,0,0,0,0,1,0,0,0,1,0,0,0,0,0,1,1,0
data/external/actions/ucf101_frames_debug/basketball_dunk/v_BasketballDunk_g08_c04_frame_000039.jpg,ucf101,basketball_dunk,data\external\actions\UCF101\BasketballDunk\v_BasketballDunk_g08_c04.avi,0,0,0,0,0,0,0,1,0,0,0,1,0,0,0,0,0,1,1,0
data/external/actions/ucf101_frames_debug/basketball_dunk/v_BasketballDunk_g11_c04_frame_000028.jpg,ucf101,basketball_dunk,data\external\actions\UCF101\BasketballDunk\v_BasketballDunk_g11_c04.avi,0,0,0,0,0,0,0,1,0,0,0,1,0,0,0,0,0,1,1,0
data/external/actions/ucf101_frames_debug/basketball_dunk/v_BasketballDunk_g11_c04_frame_000057.jpg,ucf101,basketball_dunk,data\external\actions\UCF101\BasketballDunk\v_BasketballDunk_g11_c04.avi,0,0,0,0,0,0,0,1,0,0,0,1,0,0,0,0,0,1,1,0
data/external/actions/ucf101_frames_debug/basketball_dunk/v_BasketballDunk_g13_c03_frame_000035.jpg,ucf101,basketball_dunk,data\external\actions\UCF101\BasketballDunk\v_BasketballDunk_g13_c03.avi,0,0,0,0,0,0,0,1,0,0,0,1,0,0,0,0,0,1,1,0
data/external/actions/ucf101_frames_debug/basketball_dunk/v_BasketballDunk_g13_c03_frame_000070.jpg,ucf101,basketball_dunk,data\external\actions\UCF101\BasketballDunk\v_BasketballDunk_g13_c03.avi,0,0,0,0,0,0,0,1,0,0,0,1,0,0,0,0,0,1,1,0
data/external/actions/ucf101_frames_debug/basketball_dunk/v_BasketballDunk_g15_c07_frame_000026.jpg,ucf101,basketball_dunk,data\external\actions\UCF101\BasketballDunk\v_BasketballDunk_g15_c07.avi,0,0,0,0,0,0,0,1,0,0,0,1,0,0,0,0,0,1,1,0
data/external/actions/ucf101_frames_debug/basketball_dunk/v_BasketballDunk_g15_c07_frame_000053.jpg,ucf101,basketball_dunk,data\external\actions\UCF101\BasketballDunk\v_BasketballDunk_g15_c07.avi,0,0,0,0,0,0,0,1,0,0,0,1,0,0,0,0,0,1,1,0
data/external/actions/ucf101_frames_debug/basketball_dunk/v_BasketballDunk_g16_c04_frame_000019.jpg,ucf101,basketball_dunk,data\external\actions\UCF101\BasketballDunk\v_BasketballDunk_g16_c04.avi,0,0,0,0,0,0,0,1,0,0,0,1,0,0,0,0,0,1,1,0
data/external/actions/ucf101_frames_debug/basketball_dunk/v_BasketballDunk_g16_c04_frame_000039.jpg,ucf101,basketball_dunk,data\external\actions\UCF101\BasketballDunk\v_BasketballDunk_g16_c04.avi,0,0,0,0,0,0,0,1,0,0,0,1,0,0,0,0,0,1,1,0
data/external/actions/ucf101_frames_debug/basketball_dunk/v_BasketballDunk_g17_c04_frame_000027.jpg,ucf101,basketball_dunk,data\external\actions\UCF101\BasketballDunk\v_BasketballDunk_g17_c04.avi,0,0,0,0,0,0,0,1,0,0,0,1,0,0,0,0,0,1,1,0
data/external/actions/ucf101_frames_debug/basketball_dunk/v_BasketballDunk_g17_c04_frame_000055.jpg,ucf101,basketball_dunk,data\external\actions\UCF101\BasketballDunk\v_BasketballDunk_g17_c04.avi,0,0,0,0,0,0,0,1,0,0,0,1,0,0,0,0,0,1,1,0
data/external/actions/ucf101_frames_debug/basketball_dunk/v_BasketballDunk_g17_c05_frame_000020.jpg,ucf101,basketball_dunk,data\external\actions\UCF101\BasketballDunk\v_BasketballDunk_g17_c05.avi,0,0,0,0,0,0,0,1,0,0,0,1,0,0,0,0,0,1,1,0
data/external/actions/ucf101_frames_debug/basketball_dunk/v_BasketballDunk_g17_c05_frame_000040.jpg,ucf101,basketball_dunk,data\external\actions\UCF101\BasketballDunk\v_BasketballDunk_g17_c05.avi,0,0,0,0,0,0,0,1,0,0,0,1,0,0,0,0,0,1,1,0
data/external/actions/ucf101_frames_debug/basketball_dunk/v_BasketballDunk_g23_c02_frame_000028.jpg,ucf101,basketball_dunk,data\external\actions\UCF101\BasketballDunk\v_BasketballDunk_g23_c02.avi,0,0,0,0,0,0,0,1,0,0,0,1,0,0,0,0,0,1,1,0
data/external/actions/ucf101_frames_debug/basketball_dunk/v_BasketballDunk_g23_c02_frame_000056.jpg,ucf101,basketball_dunk,data\external\actions\UCF101\BasketballDunk\v_BasketballDunk_g23_c02.avi,0,0,0,0,0,0,0,1,0,0,0,1,0,0,0,0,0,1,1,0
data/external/actions/ucf101_frames_debug/basketball_dunk/v_BasketballDunk_g24_c03_frame_000026.jpg,ucf101,basketball_dunk,data\external\actions\UCF101\BasketballDunk\v_BasketballDunk_g24_c03.avi,0,0,0,0,0,0,0,1,0,0,0,1,0,0,0,0,0,1,1,0
data/external/actions/ucf101_frames_debug/basketball_dunk/v_BasketballDunk_g24_c03_frame_000052.jpg,ucf101,basketball_dunk,data\external\actions\UCF101\BasketballDunk\v_BasketballDunk_g24_c03.avi,0,0,0,0,0,0,0,1,0,0,0,1,0,0,0,0,0,1,1,0
data/external/actions/ucf101_frames_debug/basketball_dunk/v_BasketballDunk_g25_c01_frame_000027.jpg,ucf101,basketball_dunk,data\external\actions\UCF101\BasketballDunk\v_BasketballDunk_g25_c01.avi,0,0,0,0,0,0,0,1,0,0,0,1,0,0,0,0,0,1,1,0
data/external/actions/ucf101_frames_debug/basketball_dunk/v_BasketballDunk_g25_c01_frame_000054.jpg,ucf101,basketball_dunk,data\external\actions\UCF101\BasketballDunk\v_BasketballDunk_g25_c01.avi,0,0,0,0,0,0,0,1,0,0,0,1,0,0,0,0,0,1,1,0
data/external/actions/ucf101_frames_debug/basketball_dunk/v_BasketballDunk_g25_c04_frame_000029.jpg,ucf101,basketball_dunk,data\external\actions\UCF101\BasketballDunk\v_BasketballDunk_g25_c04.avi,0,0,0,0,0,0,0,1,0,0,0,1,0,0,0,0,0,1,1,0
data/external/actions/ucf101_frames_debug/basketball_dunk/v_BasketballDunk_g25_c04_frame_000059.jpg,ucf101,basketball_dunk,data\external\actions\UCF101\BasketballDunk\v_BasketballDunk_g25_c04.avi,0,0,0,0,0,0,0,1,0,0,0,1,0,0,0,0,0,1,1,0
data/external/actions/ucf101_frames_debug/bench_press/v_BenchPress_g01_c02_frame_000060.jpg,ucf101,bench_press,data\external\actions\UCF101\BenchPress\v_BenchPress_g01_c02.avi,0,0,1,0,0,0,0,0,0,0,0,0,0,0,0,1,0,1,0,0
data/external/actions/ucf101_frames_debug/bench_press/v_BenchPress_g01_c02_frame_000120.jpg,ucf101,bench_press,data\external\actions\UCF101\BenchPress\v_BenchPress_g01_c02.avi,0,0,1,0,0,0,0,0,0,0,0,0,0,0,0,1,0,1,0,0
data/external/actions/ucf101_frames_debug/bench_press/v_BenchPress_g02_c03_frame_000073.jpg,ucf101,bench_press,data\external\actions\UCF101\BenchPress\v_BenchPress_g02_c03.avi,0,0,1,0,0,0,0,0,0,0,0,0,0,0,0,1,0,1,0,0
data/external/actions/ucf101_frames_debug/bench_press/v_BenchPress_g02_c03_frame_000147.jpg,ucf101,bench_press,data\external\actions\UCF101\BenchPress\v_BenchPress_g02_c03.avi,0,0,1,0,0,0,0,0,0,0,0,0,0,0,0,1,0,1,0,0
data/external/actions/ucf101_frames_debug/bench_press/v_BenchPress_g04_c03_frame_000069.jpg,ucf101,bench_press,data\external\actions\UCF101\BenchPress\v_BenchPress_g04_c03.avi,0,0,1,0,0,0,0,0,0,0,0,0,0,0,0,1,0,1,0,0
data/external/actions/ucf101_frames_debug/bench_press/v_BenchPress_g04_c03_frame_000138.jpg,ucf101,bench_press,data\external\actions\UCF101\BenchPress\v_BenchPress_g04_c03.avi,0,0,1,0,0,0,0,0,0,0,0,0,0,0,0,1,0,1,0,0
data/external/actions/ucf101_frames_debug/bench_press/v_BenchPress_g04_c04_frame_000068.jpg,ucf101,bench_press,data\external\actions\UCF101\BenchPress\v_BenchPress_g04_c04.avi,0,0,1,0,0,0,0,0,0,0,0,0,0,0,0,1,0,1,0,0
data/external/actions/ucf101_frames_debug/bench_press/v_BenchPress_g04_c04_frame_000136.jpg,ucf101,bench_press,data\external\actions\UCF101\BenchPress\v_BenchPress_g04_c04.avi,0,0,1,0,0,0,0,0,0,0,0,0,0,0,0,1,0,1,0,0
data/external/actions/ucf101_frames_debug/bench_press/v_BenchPress_g05_c03_frame_000021.jpg,ucf101,bench_press,data\external\actions\UCF101\BenchPress\v_BenchPress_g05_c03.avi,0,0,1,0,0,0,0,0,0,0,0,0,0,0,0,1,0,1,0,0
data/external/actions/ucf101_frames_debug/bench_press/v_BenchPress_g05_c03_frame_000043.jpg,ucf101,bench_press,data\external\actions\UCF101\BenchPress\v_BenchPress_g05_c03.avi,0,0,1,0,0,0,0,0,0,0,0,0,0,0,0,1,0,1,0,0
data/external/actions/ucf101_frames_debug/bench_press/v_BenchPress_g07_c02_frame_000023.jpg,ucf101,bench_press,data\external\actions\UCF101\BenchPress\v_BenchPress_g07_c02.avi,0,0,1,0,0,0,0,0,0,0,0,0,0,0,0,1,0,1,0,0
data/external/actions/ucf101_frames_debug/bench_press/v_BenchPress_g07_c02_frame_000047.jpg,ucf101,bench_press,data\external\actions\UCF101\BenchPress\v_BenchPress_g07_c02.avi,0,0,1,0,0,0,0,0,0,0,0,0,0,0,0,1,0,1,0,0
data/external/actions/ucf101_frames_debug/bench_press/v_BenchPress_g07_c06_frame_000029.jpg,ucf101,bench_press,data\external\actions\UCF101\BenchPress\v_BenchPress_g07_c06.avi,0,0,1,0,0,0,0,0,0,0,0,0,0,0,0,1,0,1,0,0
data/external/actions/ucf101_frames_debug/bench_press/v_BenchPress_g07_c06_frame_000058.jpg,ucf101,bench_press,data\external\actions\UCF101\BenchPress\v_BenchPress_g07_c06.avi,0,0,1,0,0,0,0,0,0,0,0,0,0,0,0,1,0,1,0,0
data/external/actions/ucf101_frames_debug/bench_press/v_BenchPress_g08_c02_frame_000020.jpg,ucf101,bench_press,data\external\actions\UCF101\BenchPress\v_BenchPress_g08_c02.avi,0,0,1,0,0,0,0,0,0,0,0,0,0,0,0,1,0,1,0,0
data/external/actions/ucf101_frames_debug/bench_press/v_BenchPress_g08_c02_frame_000040.jpg,ucf101,bench_press,data\external\actions\UCF101\BenchPress\v_BenchPress_g08_c02.avi,0,0,1,0,0,0,0,0,0,0,0,0,0,0,0,1,0,1,0,0
data/external/actions/ucf101_frames_debug/bench_press/v_BenchPress_g08_c06_frame_000028.jpg,ucf101,bench_press,data\external\actions\UCF101\BenchPress\v_BenchPress_g08_c06.avi,0,0,1,0,0,0,0,0,0,0,0,0,0,0,0,1,0,1,0,0
data/external/actions/ucf101_frames_debug/bench_press/v_BenchPress_g08_c06_frame_000057.jpg,ucf101,bench_press,data\external\actions\UCF101\BenchPress\v_BenchPress_g08_c06.avi,0,0,1,0,0,0,0,0,0,0,0,0,0,0,0,1,0,1,0,0
data/external/actions/ucf101_frames_debug/bench_press/v_BenchPress_g12_c02_frame_000021.jpg,ucf101,bench_press,data\external\actions\UCF101\BenchPress\v_BenchPress_g12_c02.avi,0,0,1,0,0,0,0,0,0,0,0,0,0,0,0,1,0,1,0,0
data/external/actions/ucf101_frames_debug/bench_press/v_BenchPress_g12_c02_frame_000042.jpg,ucf101,bench_press,data\external\actions\UCF101\BenchPress\v_BenchPress_g12_c02.avi,0,0,1,0,0,0,0,0,0,0,0,0,0,0,0,1,0,1,0,0
data/external/actions/ucf101_frames_debug/bench_press/v_BenchPress_g12_c07_frame_000022.jpg,ucf101,bench_press,data\external\actions\UCF101\BenchPress\v_BenchPress_g12_c07.avi,0,0,1,0,0,0,0,0,0,0,0,0,0,0,0,1,0,1,0,0
data/external/actions/ucf101_frames_debug/bench_press/v_BenchPress_g12_c07_frame_000045.jpg,ucf101,bench_press,data\external\actions\UCF101\BenchPress\v_BenchPress_g12_c07.avi,0,0,1,0,0,0,0,0,0,0,0,0,0,0,0,1,0,1,0,0
data/external/actions/ucf101_frames_debug/bench_press/v_BenchPress_g13_c03_frame_000066.jpg,ucf101,bench_press,data\external\actions\UCF101\BenchPress\v_BenchPress_g13_c03.avi,0,0,1,0,0,0,0,0,0,0,0,0,0,0,0,1,0,1,0,0
data/external/actions/ucf101_frames_debug/bench_press/v_BenchPress_g13_c03_frame_000133.jpg,ucf101,bench_press,data\external\actions\UCF101\BenchPress\v_BenchPress_g13_c03.avi,0,0,1,0,0,0,0,0,0,0,0,0,0,0,0,1,0,1,0,0
data/external/actions/ucf101_frames_debug/bench_press/v_BenchPress_g14_c01_frame_000032.jpg,ucf101,bench_press,data\external\actions\UCF101\BenchPress\v_BenchPress_g14_c01.avi,0,0,1,0,0,0,0,0,0,0,0,0,0,0,0,1,0,1,0,0
data/external/actions/ucf101_frames_debug/bench_press/v_BenchPress_g14_c01_frame_000064.jpg,ucf101,bench_press,data\external\actions\UCF101\BenchPress\v_BenchPress_g14_c01.avi,0,0,1,0,0,0,0,0,0,0,0,0,0,0,0,1,0,1,0,0
data/external/actions/ucf101_frames_debug/bench_press/v_BenchPress_g15_c02_frame_000021.jpg,ucf101,bench_press,data\external\actions\UCF101\BenchPress\v_BenchPress_g15_c02.avi,0,0,1,0,0,0,0,0,0,0,0,0,0,0,0,1,0,1,0,0
data/external/actions/ucf101_frames_debug/bench_press/v_BenchPress_g15_c02_frame_000042.jpg,ucf101,bench_press,data\external\actions\UCF101\BenchPress\v_BenchPress_g15_c02.avi,0,0,1,0,0,0,0,0,0,0,0,0,0,0,0,1,0,1,0,0
data/external/actions/ucf101_frames_debug/bench_press/v_BenchPress_g15_c06_frame_000015.jpg,ucf101,bench_press,data\external\actions\UCF101\BenchPress\v_BenchPress_g15_c06.avi,0,0,1,0,0,0,0,0,0,0,0,0,0,0,0,1,0,1,0,0
data/external/actions/ucf101_frames_debug/bench_press/v_BenchPress_g15_c06_frame_000030.jpg,ucf101,bench_press,data\external\actions\UCF101\BenchPress\v_BenchPress_g15_c06.avi,0,0,1,0,0,0,0,0,0,0,0,0,0,0,0,1,0,1,0,0
data/external/actions/ucf101_frames_debug/bench_press/v_BenchPress_g18_c01_frame_000031.jpg,ucf101,bench_press,data\external\actions\UCF101\BenchPress\v_BenchPress_g18_c01.avi,0,0,1,0,0,0,0,0,0,0,0,0,0,0,0,1,0,1,0,0
data/external/actions/ucf101_frames_debug/bench_press/v_BenchPress_g18_c01_frame_000062.jpg,ucf101,bench_press,data\external\actions\UCF101\BenchPress\v_BenchPress_g18_c01.avi,0,0,1,0,0,0,0,0,0,0,0,0,0,0,0,1,0,1,0,0
data/external/actions/ucf101_frames_debug/bench_press/v_BenchPress_g19_c04_frame_000083.jpg,ucf101,bench_press,data\external\actions\UCF101\BenchPress\v_BenchPress_g19_c04.avi,0,0,1,0,0,0,0,0,0,0,0,0,0,0,0,1,0,1,0,0
data/external/actions/ucf101_frames_debug/bench_press/v_BenchPress_g19_c04_frame_000166.jpg,ucf101,bench_press,data\external\actions\UCF101\BenchPress\v_BenchPress_g19_c04.avi,0,0,1,0,0,0,0,0,0,0,0,0,0,0,0,1,0,1,0,0
data/external/actions/ucf101_frames_debug/bench_press/v_BenchPress_g20_c03_frame_000030.jpg,ucf101,bench_press,data\external\actions\UCF101\BenchPress\v_BenchPress_g20_c03.avi,0,0,1,0,0,0,0,0,0,0,0,0,0,0,0,1,0,1,0,0
data/external/actions/ucf101_frames_debug/bench_press/v_BenchPress_g20_c03_frame_000060.jpg,ucf101,bench_press,data\external\actions\UCF101\BenchPress\v_BenchPress_g20_c03.avi,0,0,1,0,0,0,0,0,0,0,0,0,0,0,0,1,0,1,0,0
data/external/actions/ucf101_frames_debug/bench_press/v_BenchPress_g22_c04_frame_000023.jpg,ucf101,bench_press,data\external\actions\UCF101\BenchPress\v_BenchPress_g22_c04.avi,0,0,1,0,0,0,0,0,0,0,0,0,0,0,0,1,0,1,0,0
data/external/actions/ucf101_frames_debug/bench_press/v_BenchPress_g22_c04_frame_000047.jpg,ucf101,bench_press,data\external\actions\UCF101\BenchPress\v_BenchPress_g22_c04.avi,0,0,1,0,0,0,0,0,0,0,0,0,0,0,0,1,0,1,0,0
data/external/actions/ucf101_frames_debug/bench_press/v_BenchPress_g25_c04_frame_000072.jpg,ucf101,bench_press,data\external\actions\UCF101\BenchPress\v_BenchPress_g25_c04.avi,0,0,1,0,0,0,0,0,0,0,0,0,0,0,0,1,0,1,0,0
data/external/actions/ucf101_frames_debug/bench_press/v_BenchPress_g25_c04_frame_000144.jpg,ucf101,bench_press,data\external\actions\UCF101\BenchPress\v_BenchPress_g25_c04.avi,0,0,1,0,0,0,0,0,0,0,0,0,0,0,0,1,0,1,0,0
data/external/actions/ucf101_frames_debug/biking/v_Biking_g02_c01_frame_000080.jpg,ucf101,biking,data\external\actions\UCF101\Biking\v_Biking_g02_c01.avi,0,0,0,0,0,0,0,0,1,0,0,0,0,0,0,0,0,1,0,0
data/external/actions/ucf101_frames_debug/biking/v_Biking_g02_c01_frame_000160.jpg,ucf101,biking,data\external\actions\UCF101\Biking\v_Biking_g02_c01.avi,0,0,0,0,0,0,0,0,1,0,0,0,0,0,0,0,0,1,0,0
data/external/actions/ucf101_frames_debug/biking/v_Biking_g05_c03_frame_000067.jpg,ucf101,biking,data\external\actions\UCF101\Biking\v_Biking_g05_c03.avi,0,0,0,0,0,0,0,0,1,0,0,0,0,0,0,0,0,1,0,0
data/external/actions/ucf101_frames_debug/biking/v_Biking_g05_c03_frame_000134.jpg,ucf101,biking,data\external\actions\UCF101\Biking\v_Biking_g05_c03.avi,0,0,0,0,0,0,0,0,1,0,0,0,0,0,0,0,0,1,0,0
data/external/actions/ucf101_frames_debug/biking/v_Biking_g06_c01_frame_000033.jpg,ucf101,biking,data\external\actions\UCF101\Biking\v_Biking_g06_c01.avi,0,0,0,0,0,0,0,0,1,0,0,0,0,0,0,0,0,1,0,0
data/external/actions/ucf101_frames_debug/biking/v_Biking_g06_c01_frame_000067.jpg,ucf101,biking,data\external\actions\UCF101\Biking\v_Biking_g06_c01.avi,0,0,0,0,0,0,0,0,1,0,0,0,0,0,0,0,0,1,0,0
data/external/actions/ucf101_frames_debug/biking/v_Biking_g06_c02_frame_000052.jpg,ucf101,biking,data\external\actions\UCF101\Biking\v_Biking_g06_c02.avi,0,0,0,0,0,0,0,0,1,0,0,0,0,0,0,0,0,1,0,0
data/external/actions/ucf101_frames_debug/biking/v_Biking_g06_c02_frame_000104.jpg,ucf101,biking,data\external\actions\UCF101\Biking\v_Biking_g06_c02.avi,0,0,0,0,0,0,0,0,1,0,0,0,0,0,0,0,0,1,0,0
data/external/actions/ucf101_frames_debug/biking/v_Biking_g07_c02_frame_000120.jpg,ucf101,biking,data\external\actions\UCF101\Biking\v_Biking_g07_c02.avi,0,0,0,0,0,0,0,0,1,0,0,0,0,0,0,0,0,1,0,0
data/external/actions/ucf101_frames_debug/biking/v_Biking_g07_c02_frame_000240.jpg,ucf101,biking,data\external\actions\UCF101\Biking\v_Biking_g07_c02.avi,0,0,0,0,0,0,0,0,1,0,0,0,0,0,0,0,0,1,0,0
data/external/actions/ucf101_frames_debug/biking/v_Biking_g07_c04_frame_000100.jpg,ucf101,biking,data\external\actions\UCF101\Biking\v_Biking_g07_c04.avi,0,0,0,0,0,0,0,0,1,0,0,0,0,0,0,0,0,1,0,0
data/external/actions/ucf101_frames_debug/biking/v_Biking_g07_c04_frame_000200.jpg,ucf101,biking,data\external\actions\UCF101\Biking\v_Biking_g07_c04.avi,0,0,0,0,0,0,0,0,1,0,0,0,0,0,0,0,0,1,0,0
