frame_path,source_dataset,standing,sitting,lying_down,crouching,arms_raised,walking,running,jumping,cycling,driving,dancing,playing,working,eating,drinking,exercising,still,moving,fast_motion,falling
data/external/actions/stanford40/drinking/drinking_001.jpg,folder_actions,0,0,0,0,0,0,0,0,0,0,0,0,0,0,1,0,0,0,0,0
data/external/actions/stanford40/drinking/drinking_002.jpg,folder_actions,0,0,0,0,0,0,0,0,0,0,0,0,0,0,1,0,0,0,0,0
data/external/actions/stanford40/drinking/drinking_003.jpg,folder_actions,0,0,0,0,0,0,0,0,0,0,0,0,0,0,1,0,0,0,0,0
data/external/actions/stanford40/drinking/drinking_004.jpg,folder_actions,0,0,0,0,0,0,0,0,0,0,0,0,0,0,1,0,0,0,0,0
data/external/actions/stanford40/drinking/drinking_005.jpg,folder_actions,0,0,0,0,0,0,0,0,0,0,0,0,0,0,1,0,0,0,0,0
data/external/actions/stanford40/drinking/drinking_006.jpg,folder_actions,0,0,0,0,0,0,0,0,0,0,0,0,0,0,1,0,0,0,0,0
data/external/actions/stanford40/drinking/drinking_007.jpg,folder_actions,0,0,0,0,0,0,0,0,0,0,0,0,0,0,1,0,0,0,0,0
data/external/actions/stanford40/drinking/drinking_008.jpg,folder_actions,0,0,0,0,0,0,0,0,0,0,0,0,0,0,1,0,0,0,0,0
data/external/actions/stanford40/drinking/drinking_009.jpg,folder_actions,0,0,0,0,0,0,0,0,0,0,0,0,0,0,1,0,0,0,0,0
data/external/actions/stanford40/drinking/drinking_010.jpg,folder_actions,0,0,0,0,0,0,0,0,0,0,0,0,0,0,1,0,0,0,0,0
data/external/actions/stanford40/drinking/drinking_011.jpg,folder_actions,0,0,0,0,0,0,0,0,0,0,0,0,0,0,1,0,0,0,0,0
data/external/actions/stanford40/drinking/drinking_012.jpg,folder_actions,0,0,0,0,0,0,0,0,0,0,0,0,0,0,1,0,0,0,0,0
data/external/actions/stanford40/drinking/drinking_013.jpg,folder_actions,0,0,0,0,0,0,0,0,0,0,0,0,0,0,1,0,0,0,0,0
data/external/actions/stanford40/drinking/drinking_014.jpg,folder_actions,0,0,0,0,0,0,0,0,0,0,0,0,0,0,1,0,0,0,0,0
data/external/actions/stanford40/drinking/drinking_015.jpg,folder_actions,0,0,0,0,0,0,0,0,0,0,0,0,0,0,1,0,0,0,0,0
data/external/actions/stanford40/drinking/drinking_016.jpg,folder_actions,0,0,0,0,0,0,0,0,0,0,0,0,0,0,1,0,0,0,0,0
data/external/actions/stanford40/drinking/drinking_017.jpg,folder_actions,0,0,0,0,0,0,0,0,0,0,0,0,0,0,1,0,0,0,0,0
data/external/actions/stanford40/drinking/drinking_018.jpg,folder_actions,0,0,0,0,0,0,0,0,0,0,0,0,0,0,1,0,0,0,0,0
data/external/actions/stanford40/drinking/drinking_019.jpg,folder_actions,0,0,0,0,0,0,0,0,0,0,0,0,0,0,1,0,0,0,0,0
data/external/actions/stanford40/drinking/drinking_020.jpg,folder_actions,0,0,0,0,0,0,0,0,0,0,0,0,0,0,1,0,0,0,0,0
data/external/actions/stanford40/drinking/drinking_021.jpg,folder_actions,0,0,0,0,0,0,0,0,0,0,0,0,0,0,1,0,0,0,0,0
data/external/actions/stanford40/drinking/drinking_022.jpg,folder_actions,0,0,0,0,0,0,0,0,0,0,0,0,0,0,1,0,0,0,0,0
data/external/actions/stanford40/drinking/drinking_023.jpg,folder_actions,0,0,0,0,0,0,0,0,0,0,0,0,0,0,1,0,0,0,0,0
data/external/actions/stanford40/drinking/drinking_024.jpg,folder_actions,0,0,0,0,0,0,0,0,0,0,0,0,0,0,1,0,0,0,0,0
data/external/actions/stanford40/drinking/drinking_025.jpg,folder_actions,0,0,0,0,0,0,0,0,0,0,0,0,0,0,1,0,0,0,0,0
data/external/actions/stanford40/drinking/drinking_026.jpg,folder_actions,0,0,0,0,0,0,0,0,0,0,0,0,0,0,1,0,0,0,0,0
data/external/actions/stanford40/drinking/drinking_027.jpg,folder_actions,0,0,0,0,0,0,0,0,0,0,0,0,0,0,1,0,0,0,0,0
data/external/actions/stanford40/drinking/drinking_028.jpg,folder_actions,0,0,0,0,0,0,0,0,0,0,0,0,0,0,1,0,0,0,0,0
data/external/actions/stanford40/drinking/drinking_029.jpg,folder_actions,0,0,0,0,0,0,0,0,0,0,0,0,0,0,1,0,0,0,0,0
data/external/actions/stanford40/drinking/drinking_030.jpg,folder_actions,0,0,0,0,0,0,0,0,0,0,0,0,0,0,1,0,0,0,0,0
data/external/actions/stanford40/drinking/drinking_031.jpg,folder_actions,0,0,0,0,0,0,0,0,0,0,0,0,0,0,1,0,0,0,0,0
data/external/actions/stanford40/drinking/drinking_032.jpg,folder_actions,0,0,0,0,0,0,0,0,0,0,0,0,0,0,1,0,0,0,0,0
data/external/actions/stanford40/drinking/drinking_033.jpg,folder_actions,0,0,0,0,0,0,0,0,0,0,0,0,0,0,1,0,0,0,0,0
data/external/actions/stanford40/drinking/drinking_034.jpg,folder_actions,0,0,0,0,0,0,0,0,0,0,0,0,0,0,1,0,0,0,0,0
data/external/actions/stanford40/drinking/drinking_035.jpg,folder_actions,0,0,0,0,0,0,0,0,0,0,0,0,0,0,1,0,0,0,0,0
data/external/actions/stanford40/drinking/drinking_036.jpg,folder_actions,0,0,0,0,0,0,0,0,0,0,0,0,0,0,1,0,0,0,0,0
data/external/actions/stanford40/drinking/drinking_037.jpg,folder_actions,0,0,0,0,0,0,0,0,0,0,0,0,0,0,1,0,0,0,0,0
data/external/actions/stanford40/drinking/drinking_038.jpg,folder_actions,0,0,0,0,0,0,0,0,0,0,0,0,0,0,1,0,0,0,0,0
data/external/actions/stanford40/drinking/drinking_039.jpg,folder_actions,0,0,0,0,0,0,0,0,0,0,0,0,0,0,1,0,0,0,0,0
data/external/actions/stanford40/drinking/drinking_040.jpg,folder_actions,0,0,0,0,0,0,0,0,0,0,0,0,0,0,1,0,0,0,0,0
data/external/actions/stanford40/drinking/drinking_041.jpg,folder_actions,0,0,0,0,0,0,0,0,0,0,0,0,0,0,1,0,0,0,0,0
data/external/actions/stanford40/drinking/drinking_042.jpg,folder_actions,0,0,0,0,0,0,0,0,0,0,0,0,0,0,1,0,0,0,0,0
data/external/actions/stanford40/drinking/drinking_043.jpg,folder_actions,0,0,0,0,0,0,0,0,0,0,0,0,0,0,1,0,0,0,0,0
data/external/actions/stanford40/drinking/drinking_044.jpg,folder_actions,0,0,0,0,0,0,0,0,0,0,0,0,0,0,1,0,0,0,0,0
data/external/actions/stanford40/drinking/drinking_045.jpg,folder_actions,0,0,0,0,0,0,0,0,0,0,0,0,0,0,1,0,0,0,0,0
data/external/actions/stanford40/drinking/drinking_046.jpg,folder_actions,0,0,0,0,0,0,0,0,0,0,0,0,0,0,1,0,0,0,0,0
data/external/actions/stanford40/drinking/drinking_047.jpg,folder_actions,0,0,0,0,0,0,0,0,0,0,0,0,0,0,1,0,0,0,0,0
data/external/actions/stanford40/drinking/drinking_048.jpg,folder_actions,0,0,0,0,0,0,0,0,0,0,0,0,0,0,1,0,0,0,0,0
data/external/actions/stanford40/drinking/drinking_049.jpg,folder_actions,0,0,0,0,0,0,0,0,0,0,0,0,0,0,1,0,0,0,0,0
data/external/actions/stanford40/drinking/drinking_050.jpg,folder_actions,0,0,0,0,0,0,0,0,0,0,0,0,0,0,1,0,0,0,0,0
data/external/actions/stanford40/drinking/drinking_051.jpg,folder_actions,0,0,0,0,0,0,0,0,0,0,0,0,0,0,1,0,0,0,0,0
data/external/actions/stanford40/drinking/drinking_052.jpg,folder_actions,0,0,0,0,0,0,0,0,0,0,0,0,0,0,1,0,0,0,0,0
data/external/actions/stanford40/drinking/drinking_053.jpg,folder_actions,0,0,0,0,0,0,0,0,0,0,0,0,0,0,1,0,0,0,0,0
data/external/actions/stanford40/drinking/drinking_054.jpg,folder_actions,0,0,0,0,0,0,0,0,0,0,0,0,0,0,1,0,0,0,0,0
data/external/actions/stanford40/drinking/drinking_055.jpg,folder_actions,0,0,0,0,0,0,0,0,0,0,0,0,0,0,1,0,0,0,0,0
data/external/actions/stanford40/drinking/drinking_056.jpg,folder_actions,0,0,0,0,0,0,0,0,0,0,0,0,0,0,1,0,0,0,0,0
data/external/actions/stanford40/drinking/drinking_057.jpg,folder_actions,0,0,0,0,0,0,0,0,0,0,0,0,0,0,1,0,0,0,0,0
data/external/actions/stanford40/drinking/drinking_058.jpg,folder_actions,0,0,0,0,0,0,0,0,0,0,0,0,0,0,1,0,0,0,0,0
data/external/actions/stanford40/drinking/drinking_059.jpg,folder_actions,0,0,0,0,0,0,0,0,0,0,0,0,0,0,1,0,0,0,0,0
data/external/actions/stanford40/drinking/drinking_060.jpg,folder_actions,0,0,0,0,0,0,0,0,0,0,0,0,0,0,1,0,0,0,0,0
data/external/actions/stanford40/drinking/drinking_061.jpg,folder_actions,0,0,0,0,0,0,0,0,0,0,0,0,0,0,1,0,0,0,0,0
data/external/actions/stanford40/drinking/drinking_062.jpg,folder_actions,0,0,0,0,0,0,0,0,0,0,0,0,0,0,1,0,0,0,0,0
data/external/actions/stanford40/drinking/drinking_063.jpg,folder_actions,0,0,0,0,0,0,0,0,0,0,0,0,0,0,1,0,0,0,0,0
data/external/actions/stanford40/drinking/drinking_064.jpg,folder_actions,0,0,0,0,0,0,0,0,0,0,0,0,0,0,1,0,0,0,0,0
data/external/actions/stanford40/drinking/drinking_065.jpg,folder_actions,0,0,0,0,0,0,0,0,0,0,0,0,0,0,1,0,0,0,0,0
data/external/actions/stanford40/drinking/drinking_066.jpg,folder_actions,0,0,0,0,0,0,0,0,0,0,0,0,0,0,1,0,0,0,0,0
data/external/actions/stanford40/drinking/drinking_067.jpg,folder_actions,0,0,0,0,0,0,0,0,0,0,0,0,0,0,1,0,0,0,0,0
data/external/actions/stanford40/drinking/drinking_068.jpg,folder_actions,0,0,0,0,0,0,0,0,0,0,0,0,0,0,1,0,0,0,0,0
data/external/actions/stanford40/drinking/drinking_069.jpg,folder_actions,0,0,0,0,0,0,0,0,0,0,0,0,0,0,1,0,0,0,0,0
data/external/actions/stanford40/drinking/drinking_070.jpg,folder_actions,0,0,0,0,0,0,0,0,0,0,0,0,0,0,1,0,0,0,0,0
data/external/actions/stanford40/drinking/drinking_071.jpg,folder_actions,0,0,0,0,0,0,0,0,0,0,0,0,0,0,1,0,0,0,0,0
data/external/actions/stanford40/drinking/drinking_072.jpg,folder_actions,0,0,0,0,0,0,0,0,0,0,0,0,0,0,1,0,0,0,0,0
data/external/actions/stanford40/drinking/drinking_073.jpg,folder_actions,0,0,0,0,0,0,0,0,0,0,0,0,0,0,1,0,0,0,0,0
data/external/actions/stanford40/drinking/drinking_074.jpg,folder_actions,0,0,0,0,0,0,0,0,0,0,0,0,0,0,1,0,0,0,0,0
data/external/actions/stanford40/drinking/drinking_075.jpg,folder_actions,0,0,0,0,0,0,0,0,0,0,0,0,0,0,1,0,0,0,0,0
data/external/actions/stanford40/drinking/drinking_076.jpg,folder_actions,0,0,0,0,0,0,0,0,0,0,0,0,0,0,1,0,0,0,0,0
data/external/actions/stanford40/drinking/drinking_077.jpg,folder_actions,0,0,0,0,0,0,0,0,0,0,0,0,0,0,1,0,0,0,0,0
data/external/actions/stanford40/drinking/drinking_078.jpg,folder_actions,0,0,0,0,0,0,0,0,0,0,0,0,0,0,1,0,0,0,0,0
data/external/actions/stanford40/drinking/drinking_079.jpg,folder_actions,0,0,0,0,0,0,0,0,0,0,0,0,0,0,1,0,0,0,0,0
data/external/actions/stanford40/drinking/drinking_080.jpg,folder_actions,0,0,0,0,0,0,0,0,0,0,0,0,0,0,1,0,0,0,0,0
data/external/actions/stanford40/drinking/drinking_081.jpg,folder_actions,0,0,0,0,0,0,0,0,0,0,0,0,0,0,1,0,0,0,0,0
data/external/actions/stanford40/drinking/drinking_082.jpg,folder_actions,0,0,0,0,0,0,0,0,0,0,0,0,0,0,1,0,0,0,0,0
data/external/actions/stanford40/drinking/drinking_083.jpg,folder_actions,0,0,0,0,0,0,0,0,0,0,0,0,0,0,1,0,0,0,0,0
data/external/actions/stanford40/drinking/drinking_084.jpg,folder_actions,0,0,0,0,0,0,0,0,0,0,0,0,0,0,1,0,0,0,0,0
data/external/actions/stanford40/drinking/drinking_085.jpg,folder_actions,0,0,0,0,0,0,0,0,0,0,0,0,0,0,1,0,0,0,0,0
data/external/actions/stanford40/drinking/drinking_086.jpg,folder_actions,0,0,0,0,0,0,0,0,0,0,0,0,0,0,1,0,0,0,0,0
data/external/actions/stanford40/drinking/drinking_087.jpg,folder_actions,0,0,0,0,0,0,0,0,0,0,0,0,0,0,1,0,0,0,0,0
data/external/actions/stanford40/drinking/drinking_088.jpg,folder_actions,0,0,0,0,0,0,0,0,0,0,0,0,0,0,1,0,0,0,0,0
data/external/actions/stanford40/drinking/drinking_089.jpg,folder_actions,0,0,0,0,0,0,0,0,0,0,0,0,0,0,1,0,0,0,0,0
data/external/actions/stanford40/drinking/drinking_090.jpg,folder_actions,0,0,0,0,0,0,0,0,0,0,0,0,0,0,1,0,0,0,0,0
data/external/actions/stanford40/drinking/drinking_091.jpg,folder_actions,0,0,0,0,0,0,0,0,0,0,0,0,0,0,1,0,0,0,0,0
data/external/actions/stanford40/drinking/drinking_092.jpg,folder_actions,0,0,0,0,0,0,0,0,0,0,0,0,0,0,1,0,0,0,0,0
data/external/actions/stanford40/drinking/drinking_093.jpg,folder_actions,0,0,0,0,0,0,0,0,0,0,0,0,0,0,1,0,0,0,0,0
data/external/actions/stanford40/drinking/drinking_094.jpg,folder_actions,0,0,0,0,0,0,0,0,0,0,0,0,0,0,1,0,0,0,0,0
data/external/actions/stanford40/drinking/drinking_095.jpg,folder_actions,0,0,0,0,0,0,0,0,0,0,0,0,0,0,1,0,0,0,0,0
data/external/actions/stanford40/drinking/drinking_096.jpg,folder_actions,0,0,0,0,0,0,0,0,0,0,0,0,0,0,1,0,0,0,0,0
data/external/actions/stanford40/drinking/drinking_097.jpg,folder_actions,0,0,0,0,0,0,0,0,0,0,0,0,0,0,1,0,0,0,0,0
data/external/actions/stanford40/drinking/drinking_098.jpg,folder_actions,0,0,0,0,0,0,0,0,0,0,0,0,0,0,1,0,0,0,0,0
data/external/actions/stanford40/drinking/drinking_099.jpg,folder_actions,0,0,0,0,0,0,0,0,0,0,0,0,0,0,1,0,0,0,0,0
data/external/actions/stanford40/drinking/drinking_100.jpg,folder_actions,0,0,0,0,0,0,0,0,0,0,0,0,0,0,1,0,0,0,0,0
data/external/actions/stanford40/drinking/drinking_101.jpg,folder_actions,0,0,0,0,0,0,0,0,0,0,0,0,0,0,1,0,0,0,0,0
data/external/actions/stanford40/drinking/drinking_102.jpg,folder_actions,0,0,0,0,0,0,0,0,0,0,0,0,0,0,1,0,0,0,0,0
data/external/actions/stanford40/drinking/drinking_103.jpg,folder_actions,0,0,0,0,0,0,0,0,0,0,0,0,0,0,1,0,0,0,0,0
data/external/actions/stanford40/drinking/drinking_104.jpg,folder_actions,0,0,0,0,0,0,0,0,0,0,0,0,0,0,1,0,0,0,0,0
data/external/actions/stanford40/drinking/drinking_105.jpg,folder_actions,0,0,0,0,0,0,0,0,0,0,0,0,0,0,1,0,0,0,0,0
data/external/actions/stanford40/drinking/drinking_106.jpg,folder_actions,0,0,0,0,0,0,0,0,0,0,0,0,0,0,1,0,0,0,0,0
data/external/actions/stanford40/drinking/drinking_107.jpg,folder_actions,0,0,0,0,0,0,0,0,0,0,0,0,0,0,1,0,0,0,0,0
data/external/actions/stanford40/drinking/drinking_108.jpg,folder_actions,0,0,0,0,0,0,0,0,0,0,0,0,0,0,1,0,0,0,0,0
data/external/actions/stanford40/drinking/drinking_109.jpg,folder_actions,0,0,0,0,0,0,0,0,0,0,0,0,0,0,1,0,0,0,0,0
data/external/actions/stanford40/drinking/drinking_110.jpg,folder_actions,0,0,0,0,0,0,0,0,0,0,0,0,0,0,1,0,0,0,0,0
data/external/actions/stanford40/drinking/drinking_111.jpg,folder_actions,0,0,0,0,0,0,0,0,0,0,0,0,0,0,1,0,0,0,0,0
data/external/actions/stanford40/drinking/drinking_112.jpg,folder_actions,0,0,0,0,0,0,0,0,0,0,0,0,0,0,1,0,0,0,0,0
data/external/actions/stanford40/drinking/drinking_113.jpg,folder_actions,0,0,0,0,0,0,0,0,0,0,0,0,0,0,1,0,0,0,0,0
data/external/actions/stanford40/drinking/drinking_114.jpg,folder_actions,0,0,0,0,0,0,0,0,0,0,0,0,0,0,1,0,0,0,0,0
data/external/actions/stanford40/drinking/drinking_115.jpg,folder_actions,0,0,0,0,0,0,0,0,0,0,0,0,0,0,1,0,0,0,0,0
data/external/actions/stanford40/drinking/drinking_116.jpg,folder_actions,0,0,0,0,0,0,0,0,0,0,0,0,0,0,1,0,0,0,0,0
data/external/actions/stanford40/drinking/drinking_117.jpg,folder_actions,0,0,0,0,0,0,0,0,0,0,0,0,0,0,1,0,0,0,0,0
data/external/actions/stanford40/drinking/drinking_118.jpg,folder_actions,0,0,0,0,0,0,0,0,0,0,0,0,0,0,1,0,0,0,0,0
data/external/actions/stanford40/drinking/drinking_119.jpg,folder_actions,0,0,0,0,0,0,0,0,0,0,0,0,0,0,1,0,0,0,0,0
data/external/actions/stanford40/drinking/drinking_120.jpg,folder_actions,0,0,0,0,0,0,0,0,0,0,0,0,0,0,1,0,0,0,0,0
data/external/actions/stanford40/drinking/drinking_121.jpg,folder_actions,0,0,0,0,0,0,0,0,0,0,0,0,0,0,1,0,0,0,0,0
data/external/actions/stanford40/drinking/drinking_122.jpg,folder_actions,0,0,0,0,0,0,0,0,0,0,0,0,0,0,1,0,0,0,0,0
data/external/actions/stanford40/drinking/drinking_123.jpg,folder_actions,0,0,0,0,0,0,0,0,0,0,0,0,0,0,1,0,0,0,0,0
data/external/actions/stanford40/drinking/drinking_124.jpg,folder_actions,0,0,0,0,0,0,0,0,0,0,0,0,0,0,1,0,0,0,0,0
data/external/actions/stanford40/drinking/drinking_125.jpg,folder_actions,0,0,0,0,0,0,0,0,0,0,0,0,0,0,1,0,0,0,0,0
data/external/actions/stanford40/drinking/drinking_126.jpg,folder_actions,0,0,0,0,0,0,0,0,0,0,0,0,0,0,1,0,0,0,0,0
data/external/actions/stanford40/drinking/drinking_127.jpg,folder_actions,0,0,0,0,0,0,0,0,0,0,0,0,0,0,1,0,0,0,0,0
data/external/actions/stanford40/drinking/drinking_128.jpg,folder_actions,0,0,0,0,0,0,0,0,0,0,0,0,0,0,1,0,0,0,0,0
data/external/actions/stanford40/drinking/drinking_129.jpg,folder_actions,0,0,0,0,0,0,0,0,0,0,0,0,0,0,1,0,0,0,0,0
data/external/actions/stanford40/drinking/drinking_130.jpg,folder_actions,0,0,0,0,0,0,0,0,0,0,0,0,0,0,1,0,0,0,0,0
data/external/actions/stanford40/drinking/drinking_131.jpg,folder_actions,0,0,0,0,0,0,0,0,0,0,0,0,0,0,1,0,0,0,0,0
data/external/actions/stanford40/drinking/drinking_132.jpg,folder_actions,0,0,0,0,0,0,0,0,0,0,0,0,0,0,1,0,0,0,0,0
data/external/actions/stanford40/drinking/drinking_133.jpg,folder_actions,0,0,0,0,0,0,0,0,0,0,0,0,0,0,1,0,0,0,0,0
data/external/actions/stanford40/drinking/drinking_134.jpg,folder_actions,0,0,0,0,0,0,0,0,0,0,0,0,0,0,1,0,0,0,0,0
data/external/actions/stanford40/drinking/drinking_135.jpg,folder_actions,0,0,0,0,0,0,0,0,0,0,0,0,0,0,1,0,0,0,0,0
data/external/actions/stanford40/drinking/drinking_136.jpg,folder_actions,0,0,0,0,0,0,0,0,0,0,0,0,0,0,1,0,0,0,0,0
data/external/actions/stanford40/drinking/drinking_137.jpg,folder_actions,0,0,0,0,0,0,0,0,0,0,0,0,0,0,1,0,0,0,0,0
data/external/actions/stanford40/drinking/drinking_138.jpg,folder_actions,0,0,0,0,0,0,0,0,0,0,0,0,0,0,1,0,0,0,0,0
data/external/actions/stanford40/drinking/drinking_139.jpg,folder_actions,0,0,0,0,0,0,0,0,0,0,0,0,0,0,1,0,0,0,0,0
data/external/actions/stanford40/drinking/drinking_140.jpg,folder_actions,0,0,0,0,0,0,0,0,0,0,0,0,0,0,1,0,0,0,0,0
data/external/actions/stanford40/drinking/drinking_141.jpg,folder_actions,0,0,0,0,0,0,0,0,0,0,0,0,0,0,1,0,0,0,0,0
data/external/actions/stanford40/drinking/drinking_142.jpg,folder_actions,0,0,0,0,0,0,0,0,0,0,0,0,0,0,1,0,0,0,0,0
data/external/actions/stanford40/drinking/drinking_143.jpg,folder_actions,0,0,0,0,0,0,0,0,0,0,0,0,0,0,1,0,0,0,0,0
data/external/actions/stanford40/drinking/drinking_144.jpg,folder_actions,0,0,0,0,0,0,0,0,0,0,0,0,0,0,1,0,0,0,0,0
data/external/actions/stanford40/drinking/drinking_145.jpg,folder_actions,0,0,0,0,0,0,0,0,0,0,0,0,0,0,1,0,0,0,0,0
data/external/actions/stanford40/drinking/drinking_146.jpg,folder_actions,0,0,0,0,0,0,0,0,0,0,0,0,0,0,1,0,0,0,0,0
data/external/actions/stanford40/drinking/drinking_147.jpg,folder_actions,0,0,0,0,0,0,0,0,0,0,0,0,0,0,1,0,0,0,0,0
data/external/actions/stanford40/drinking/drinking_148.jpg,folder_actions,0,0,0,0,0,0,0,0,0,0,0,0,0,0,1,0,0,0,0,0
data/external/actions/stanford40/drinking/drinking_149.jpg,folder_actions,0,0,0,0,0,0,0,0,0,0,0,0,0,0,1,0,0,0,0,0
data/external/actions/stanford40/drinking/drinking_150.jpg,folder_actions,0,0,0,0,0,0,0,0,0,0,0,0,0,0,1,0,0,0,0,0
data/external/actions/stanford40/drinking/drinking_151.jpg,folder_actions,0,0,0,0,0,0,0,0,0,0,0,0,0,0,1,0,0,0,0,0
data/external/actions/stanford40/drinking/drinking_152.jpg,folder_actions,0,0,0,0,0,0,0,0,0,0,0,0,0,0,1,0,0,0,0,0
data/external/actions/stanford40/drinking/drinking_153.jpg,folder_actions,0,0,0,0,0,0,0,0,0,0,0,0,0,0,1,0,0,0,0,0
data/external/actions/stanford40/drinking/drinking_154.jpg,folder_actions,0,0,0,0,0,0,0,0,0,0,0,0,0,0,1,0,0,0,0,0
data/external/actions/stanford40/drinking/drinking_155.jpg,folder_actions,0,0,0,0,0,0,0,0,0,0,0,0,0,0,1,0,0,0,0,0
data/external/actions/stanford40/drinking/drinking_156.jpg,folder_actions,0,0,0,0,0,0,0,0,0,0,0,0,0,0,1,0,0,0,0,0
data/external/actions/stanford40/drinking/drinking_157.jpg,folder_actions,0,0,0,0,0,0,0,0,0,0,0,0,0,0,1,0,0,0,0,0
data/external/actions/stanford40/drinking/drinking_158.jpg,folder_actions,0,0,0,0,0,0,0,0,0,0,0,0,0,0,1,0,0,0,0,0
data/external/actions/stanford40/drinking/drinking_159.jpg,folder_actions,0,0,0,0,0,0,0,0,0,0,0,0,0,0,1,0,0,0,0,0
data/external/actions/stanford40/drinking/drinking_160.jpg,folder_actions,0,0,0,0,0,0,0,0,0,0,0,0,0,0,1,0,0,0,0,0
data/external/actions/stanford40/drinking/drinking_161.jpg,folder_actions,0,0,0,0,0,0,0,0,0,0,0,0,0,0,1,0,0,0,0,0
data/external/actions/stanford40/drinking/drinking_162.jpg,folder_actions,0,0,0,0,0,0,0,0,0,0,0,0,0,0,1,0,0,0,0,0
data/external/actions/stanford40/drinking/drinking_163.jpg,folder_actions,0,0,0,0,0,0,0,0,0,0,0,0,0,0,1,0,0,0,0,0
data/external/actions/stanford40/drinking/drinking_164.jpg,folder_actions,0,0,0,0,0,0,0,0,0,0,0,0,0,0,1,0,0,0,0,0
data/external/actions/stanford40/drinking/drinking_165.jpg,folder_actions,0,0,0,0,0,0,0,0,0,0,0,0,0,0,1,0,0,0,0,0
data/external/actions/stanford40/drinking/drinking_166.jpg,folder_actions,0,0,0,0,0,0,0,0,0,0,0,0,0,0,1,0,0,0,0,0
data/external/actions/stanford40/drinking/drinking_167.jpg,folder_actions,0,0,0,0,0,0,0,0,0,0,0,0,0,0,1,0,0,0,0,0
data/external/actions/stanford40/drinking/drinking_168.jpg,folder_actions,0,0,0,0,0,0,0,0,0,0,0,0,0,0,1,0,0,0,0,0
data/external/actions/stanford40/drinking/drinking_169.jpg,folder_actions,0,0,0,0,0,0,0,0,0,0,0,0,0,0,1,0,0,0,0,0
data/external/actions/stanford40/drinking/drinking_170.jpg,folder_actions,0,0,0,0,0,0,0,0,0,0,0,0,0,0,1,0,0,0,0,0
data/external/actions/stanford40/drinking/drinking_171.jpg,folder_actions,0,0,0,0,0,0,0,0,0,0,0,0,0,0,1,0,0,0,0,0
data/external/actions/stanford40/drinking/drinking_172.jpg,folder_actions,0,0,0,0,0,0,0,0,0,0,0,0,0,0,1,0,0,0,0,0
data/external/actions/stanford40/drinking/drinking_173.jpg,folder_actions,0,0,0,0,0,0,0,0,0,0,0,0,0,0,1,0,0,0,0,0
data/external/actions/stanford40/drinking/drinking_174.jpg,folder_actions,0,0,0,0,0,0,0,0,0,0,0,0,0,0,1,0,0,0,0,0
data/external/actions/stanford40/drinking/drinking_175.jpg,folder_actions,0,0,0,0,0,0,0,0,0,0,0,0,0,0,1,0,0,0,0,0
data/external/actions/stanford40/drinking/drinking_176.jpg,folder_actions,0,0,0,0,0,0,0,0,0,0,0,0,0,0,1,0,0,0,0,0
data/external/actions/stanford40/drinking/drinking_177.jpg,folder_actions,0,0,0,0,0,0,0,0,0,0,0,0,0,0,1,0,0,0,0,0
data/external/actions/stanford40/drinking/drinking_178.jpg,folder_actions,0,0,0,0,0,0,0,0,0,0,0,0,0,0,1,0,0,0,0,0
data/external/actions/stanford40/drinking/drinking_179.jpg,folder_actions,0,0,0,0,0,0,0,0,0,0,0,0,0,0,1,0,0,0,0,0
data/external/actions/stanford40/drinking/drinking_180.jpg,folder_actions,0,0,0,0,0,0,0,0,0,0,0,0,0,0,1,0,0,0,0,0
data/external/actions/stanford40/drinking/drinking_181.jpg,folder_actions,0,0,0,0,0,0,0,0,0,0,0,0,0,0,1,0,0,0,0,0
data/external/actions/stanford40/drinking/drinking_182.jpg,folder_actions,0,0,0,0,0,0,0,0,0,0,0,0,0,0,1,0,0,0,0,0
data/external/actions/stanford40/drinking/drinking_183.jpg,folder_actions,0,0,0,0,0,0,0,0,0,0,0,0,0,0,1,0,0,0,0,0
data/external/actions/stanford40/drinking/drinking_184.jpg,folder_actions,0,0,0,0,0,0,0,0,0,0,0,0,0,0,1,0,0,0,0,0
data/external/actions/stanford40/drinking/drinking_185.jpg,folder_actions,0,0,0,0,0,0,0,0,0,0,0,0,0,0,1,0,0,0,0,0
data/external/actions/stanford40/drinking/drinking_186.jpg,folder_actions,0,0,0,0,0,0,0,0,0,0,0,0,0,0,1,0,0,0,0,0
data/external/actions/stanford40/drinking/drinking_187.jpg,folder_actions,0,0,0,0,0,0,0,0,0,0,0,0,0,0,1,0,0,0,0,0
data/external/actions/stanford40/drinking/drinking_188.jpg,folder_actions,0,0,0,0,0,0,0,0,0,0,0,0,0,0,1,0,0,0,0,0
data/external/actions/stanford40/drinking/drinking_189.jpg,folder_actions,0,0,0,0,0,0,0,0,0,0,0,0,0,0,1,0,0,0,0,0
data/external/actions/stanford40/drinking/drinking_190.jpg,folder_actions,0,0,0,0,0,0,0,0,0,0,0,0,0,0,1,0,0,0,0,0
data/external/actions/stanford40/drinking/drinking_191.jpg,folder_actions,0,0,0,0,0,0,0,0,0,0,0,0,0,0,1,0,0,0,0,0
data/external/actions/stanford40/drinking/drinking_192.jpg,folder_actions,0,0,0,0,0,0,0,0,0,0,0,0,0,0,1,0,0,0,0,0
data/external/actions/stanford40/drinking/drinking_193.jpg,folder_actions,0,0,0,0,0,0,0,0,0,0,0,0,0,0,1,0,0,0,0,0
data/external/actions/stanford40/drinking/drinking_194.jpg,folder_actions,0,0,0,0,0,0,0,0,0,0,0,0,0,0,1,0,0,0,0,0
data/external/actions/stanford40/drinking/drinking_195.jpg,folder_actions,0,0,0,0,0,0,0,0,0,0,0,0,0,0,1,0,0,0,0,0
data/external/actions/stanford40/drinking/drinking_196.jpg,folder_actions,0,0,0,0,0,0,0,0,0,0,0,0,0,0,1,0,0,0,0,0
data/external/actions/stanford40/drinking/drinking_197.jpg,folder_actions,0,0,0,0,0,0,0,0,0,0,0,0,0,0,1,0,0,0,0,0
data/external/actions/stanford40/drinking/drinking_198.jpg,folder_actions,0,0,0,0,0,0,0,0,0,0,0,0,0,0,1,0,0,0,0,0
data/external/actions/stanford40/drinking/drinking_199.jpg,folder_actions,0,0,0,0,0,0,0,0,0,0,0,0,0,0,1,0,0,0,0,0
data/external/actions/stanford40/drinking/drinking_200.jpg,folder_actions,0,0,0,0,0,0,0,0,0,0,0,0,0,0,1,0,0,0,0,0
data/external/actions/stanford40/drinking/drinking_201.jpg,folder_actions,0,0,0,0,0,0,0,0,0,0,0,0,0,0,1,0,0,0,0,0
data/external/actions/stanford40/drinking/drinking_202.jpg,folder_actions,0,0,0,0,0,0,0,0,0,0,0,0,0,0,1,0,0,0,0,0
data/external/actions/stanford40/drinking/drinking_203.jpg,folder_actions,0,0,0,0,0,0,0,0,0,0,0,0,0,0,1,0,0,0,0,0
data/external/actions/stanford40/drinking/drinking_204.jpg,folder_actions,0,0,0,0,0,0,0,0,0,0,0,0,0,0,1,0,0,0,0,0
data/external/actions/stanford40/drinking/drinking_205.jpg,folder_actions,0,0,0,0,0,0,0,0,0,0,0,0,0,0,1,0,0,0,0,0
data/external/actions/stanford40/drinking/drinking_206.jpg,folder_actions,0,0,0,0,0,0,0,0,0,0,0,0,0,0,1,0,0,0,0,0
data/external/actions/stanford40/drinking/drinking_207.jpg,folder_actions,0,0,0,0,0,0,0,0,0,0,0,0,0,0,1,0,0,0,0,0
data/external/actions/stanford40/drinking/drinking_208.jpg,folder_actions,0,0,0,0,0,0,0,0,0,0,0,0,0,0,1,0,0,0,0,0
data/external/actions/stanford40/drinking/drinking_209.jpg,folder_actions,0,0,0,0,0,0,0,0,0,0,0,0,0,0,1,0,0,0,0,0
data/external/actions/stanford40/drinking/drinking_210.jpg,folder_actions,0,0,0,0,0,0,0,0,0,0,0,0,0,0,1,0,0,0,0,0
data/external/actions/stanford40/drinking/drinking_211.jpg,folder_actions,0,0,0,0,0,0,0,0,0,0,0,0,0,0,1,0,0,0,0,0
data/external/actions/stanford40/drinking/drinking_212.jpg,folder_actions,0,0,0,0,0,0,0,0,0,0,0,0,0,0,1,0,0,0,0,0
data/external/actions/stanford40/drinking/drinking_213.jpg,folder_actions,0,0,0,0,0,0,0,0,0,0,0,0,0,0,1,0,0,0,0,0
data/external/actions/stanford40/drinking/drinking_214.jpg,folder_actions,0,0,0,0,0,0,0,0,0,0,0,0,0,0,1,0,0,0,0,0
data/external/actions/stanford40/drinking/drinking_215.jpg,folder_actions,0,0,0,0,0,0,0,0,0,0,0,0,0,0,1,0,0,0,0,0
data/external/actions/stanford40/drinking/drinking_216.jpg,folder_actions,0,0,0,0,0,0,0,0,0,0,0,0,0,0,1,0,0,0,0,0
data/external/actions/stanford40/drinking/drinking_217.jpg,folder_actions,0,0,0,0,0,0,0,0,0,0,0,0,0,0,1,0,0,0,0,0
data/external/actions/stanford40/drinking/drinking_218.jpg,folder_actions,0,0,0,0,0,0,0,0,0,0,0,0,0,0,1,0,0,0,0,0
data/external/actions/stanford40/drinking/drinking_219.jpg,folder_actions,0,0,0,0,0,0,0,0,0,0,0,0,0,0,1,0,0,0,0,0
data/external/actions/stanford40/drinking/drinking_220.jpg,folder_actions,0,0,0,0,0,0,0,0,0,0,0,0,0,0,1,0,0,0,0,0
data/external/actions/stanford40/drinking/drinking_221.jpg,folder_actions,0,0,0,0,0,0,0,0,0,0,0,0,0,0,1,0,0,0,0,0
data/external/actions/stanford40/drinking/drinking_222.jpg,folder_actions,0,0,0,0,0,0,0,0,0,0,0,0,0,0,1,0,0,0,0,0
data/external/actions/stanford40/drinking/drinking_223.jpg,folder_actions,0,0,0,0,0,0,0,0,0,0,0,0,0,0,1,0,0,0,0,0
data/external/actions/stanford40/drinking/drinking_224.jpg,folder_actions,0,0,0,0,0,0,0,0,0,0,0,0,0,0,1,0,0,0,0,0
data/external/actions/stanford40/drinking/drinking_225.jpg,folder_actions,0,0,0,0,0,0,0,0,0,0,0,0,0,0,1,0,0,0,0,0
data/external/actions/stanford40/drinking/drinking_226.jpg,folder_actions,0,0,0,0,0,0,0,0,0,0,0,0,0,0,1,0,0,0,0,0
data/external/actions/stanford40/drinking/drinking_227.jpg,folder_actions,0,0,0,0,0,0,0,0,0,0,0,0,0,0,1,0,0,0,0,0
data/external/actions/stanford40/drinking/drinking_228.jpg,folder_actions,0,0,0,0,0,0,0,0,0,0,0,0,0,0,1,0,0,0,0,0
data/external/actions/stanford40/drinking/drinking_229.jpg,folder_actions,0,0,0,0,0,0,0,0,0,0,0,0,0,0,1,0,0,0,0,0
data/external/actions/stanford40/drinking/drinking_230.jpg,folder_actions,0,0,0,0,0,0,0,0,0,0,0,0,0,0,1,0,0,0,0,0
data/external/actions/stanford40/drinking/drinking_231.jpg,folder_actions,0,0,0,0,0,0,0,0,0,0,0,0,0,0,1,0,0,0,0,0
data/external/actions/stanford40/drinking/drinking_232.jpg,folder_actions,0,0,0,0,0,0,0,0,0,0,0,0,0,0,1,0,0,0,0,0
data/external/actions/stanford40/drinking/drinking_233.jpg,folder_actions,0,0,0,0,0,0,0,0,0,0,0,0,0,0,1,0,0,0,0,0
data/external/actions/stanford40/drinking/drinking_234.jpg,folder_actions,0,0,0,0,0,0,0,0,0,0,0,0,0,0,1,0,0,0,0,0
data/external/actions/stanford40/drinking/drinking_235.jpg,folder_actions,0,0,0,0,0,0,0,0,0,0,0,0,0,0,1,0,0,0,0,0
data/external/actions/stanford40/drinking/drinking_236.jpg,folder_actions,0,0,0,0,0,0,0,0,0,0,0,0,0,0,1,0,0,0,0,0
data/external/actions/stanford40/drinking/drinking_237.jpg,folder_actions,0,0,0,0,0,0,0,0,0,0,0,0,0,0,1,0,0,0,0,0
data/external/actions/stanford40/drinking/drinking_238.jpg,folder_actions,0,0,0,0,0,0,0,0,0,0,0,0,0,0,1,0,0,0,0,0
data/external/actions/stanford40/drinking/drinking_239.jpg,folder_actions,0,0,0,0,0,0,0,0,0,0,0,0,0,0,1,0,0,0,0,0
data/external/actions/stanford40/drinking/drinking_240.jpg,folder_actions,0,0,0,0,0,0,0,0,0,0,0,0,0,0,1,0,0,0,0,0
data/external/actions/stanford40/drinking/drinking_241.jpg,folder_actions,0,0,0,0,0,0,0,0,0,0,0,0,0,0,1,0,0,0,0,0
data/external/actions/stanford40/drinking/drinking_242.jpg,folder_actions,0,0,0,0,0,0,0,0,0,0,0,0,0,0,1,0,0,0,0,0
data/external/actions/stanford40/drinking/drinking_243.jpg,folder_actions,0,0,0,0,0,0,0,0,0,0,0,0,0,0,1,0,0,0,0,0
data/external/actions/stanford40/drinking/drinking_244.jpg,folder_actions,0,0,0,0,0,0,0,0,0,0,0,0,0,0,1,0,0,0,0,0
data/external/actions/stanford40/drinking/drinking_245.jpg,folder_actions,0,0,0,0,0,0,0,0,0,0,0,0,0,0,1,0,0,0,0,0
data/external/actions/stanford40/drinking/drinking_246.jpg,folder_actions,0,0,0,0,0,0,0,0,0,0,0,0,0,0,1,0,0,0,0,0
data/external/actions/stanford40/drinking/drinking_247.jpg,folder_actions,0,0,0,0,0,0,0,0,0,0,0,0,0,0,1,0,0,0,0,0
data/external/actions/stanford40/drinking/drinking_248.jpg,folder_actions,0,0,0,0,0,0,0,0,0,0,0,0,0,0,1,0,0,0,0,0
data/external/actions/stanford40/drinking/drinking_249.jpg,folder_actions,0,0,0,0,0,0,0,0,0,0,0,0,0,0,1,0,0,0,0,0
data/external/actions/stanford40/drinking/drinking_250.jpg,folder_actions,0,0,0,0,0,0,0,0,0,0,0,0,0,0,1,0,0,0,0,0
data/external/actions/stanford40/drinking/drinking_251.jpg,folder_actions,0,0,0,0,0,0,0,0,0,0,0,0,0,0,1,0,0,0,0,0
data/external/actions/stanford40/drinking/drinking_252.jpg,folder_actions,0,0,0,0,0,0,0,0,0,0,0,0,0,0,1,0,0,0,0,0
data/external/actions/stanford40/drinking/drinking_253.jpg,folder_actions,0,0,0,0,0,0,0,0,0,0,0,0,0,0,1,0,0,0,0,0
data/external/actions/stanford40/drinking/drinking_254.jpg,folder_actions,0,0,0,0,0,0,0,0,0,0,0,0,0,0,1,0,0,0,0,0
data/external/actions/stanford40/drinking/drinking_255.jpg,folder_actions,0,0,0,0,0,0,0,0,0,0,0,0,0,0,1,0,0,0,0,0
data/external/actions/stanford40/drinking/drinking_256.jpg,folder_actions,0,0,0,0,0,0,0,0,0,0,0,0,0,0,1,0,0,0,0,0
data/external/actions/stanford40/jumping/jumping_001.jpg,folder_actions,0,0,0,0,0,0,0,1,0,0,0,0,0,0,0,0,0,0,0,0
data/external/actions/stanford40/jumping/jumping_002.jpg,folder_actions,0,0,0,0,0,0,0,1,0,0,0,0,0,0,0,0,0,0,0,0
data/external/actions/stanford40/jumping/jumping_003.jpg,folder_actions,0,0,0,0,0,0,0,1,0,0,0,0,0,0,0,0,0,0,0,0
data/external/actions/stanford40/jumping/jumping_004.jpg,folder_actions,0,0,0,0,0,0,0,1,0,0,0,0,0,0,0,0,0,0,0,0
data/external/actions/stanford40/jumping/jumping_005.jpg,folder_actions,0,0,0,0,0,0,0,1,0,0,0,0,0,0,0,0,0,0,0,0
data/external/actions/stanford40/jumping/jumping_006.jpg,folder_actions,0,0,0,0,0,0,0,1,0,0,0,0,0,0,0,0,0,0,0,0
data/external/actions/stanford40/jumping/jumping_007.jpg,folder_actions,0,0,0,0,0,0,0,1,0,0,0,0,0,0,0,0,0,0,0,0
data/external/actions/stanford40/jumping/jumping_008.jpg,folder_actions,0,0,0,0,0,0,0,1,0,0,0,0,0,0,0,0,0,0,0,0
data/external/actions/stanford40/jumping/jumping_009.jpg,folder_actions,0,0,0,0,0,0,0,1,0,0,0,0,0,0,0,0,0,0,0,0
data/external/actions/stanford40/jumping/jumping_010.jpg,folder_actions,0,0,0,0,0,0,0,1,0,0,0,0,0,0,0,0,0,0,0,0
data/external/actions/stanford40/jumping/jumping_011.jpg,folder_actions,0,0,0,0,0,0,0,1,0,0,0,0,0,0,0,0,0,0,0,0
data/external/actions/stanford40/jumping/jumping_012.jpg,folder_actions,0,0,0,0,0,0,0,1,0,0,0,0,0,0,0,0,0,0,0,0
data/external/actions/stanford40/jumping/jumping_013.jpg,folder_actions,0,0,0,0,0,0,0,1,0,0,0,0,0,0,0,0,0,0,0,0
data/external/actions/stanford40/jumping/jumping_014.jpg,folder_actions,0,0,0,0,0,0,0,1,0,0,0,0,0,0,0,0,0,0,0,0
data/external/actions/stanford40/jumping/jumping_015.jpg,folder_actions,0,0,0,0,0,0,0,1,0,0,0,0,0,0,0,0,0,0,0,0
data/external/actions/stanford40/jumping/jumping_016.jpg,folder_actions,0,0,0,0,0,0,0,1,0,0,0,0,0,0,0,0,0,0,0,0
data/external/actions/stanford40/jumping/jumping_017.jpg,folder_actions,0,0,0,0,0,0,0,1,0,0,0,0,0,0,0,0,0,0,0,0
data/external/actions/stanford40/jumping/jumping_018.jpg,folder_actions,0,0,0,0,0,0,0,1,0,0,0,0,0,0,0,0,0,0,0,0
data/external/actions/stanford40/jumping/jumping_019.jpg,folder_actions,0,0,0,0,0,0,0,1,0,0,0,0,0,0,0,0,0,0,0,0
data/external/actions/stanford40/jumping/jumping_020.jpg,folder_actions,0,0,0,0,0,0,0,1,0,0,0,0,0,0,0,0,0,0,0,0
data/external/actions/stanford40/jumping/jumping_021.jpg,folder_actions,0,0,0,0,0,0,0,1,0,0,0,0,0,0,0,0,0,0,0,0
data/external/actions/stanford40/jumping/jumping_022.jpg,folder_actions,0,0,0,0,0,0,0,1,0,0,0,0,0,0,0,0,0,0,0,0
data/external/actions/stanford40/jumping/jumping_023.jpg,folder_actions,0,0,0,0,0,0,0,1,0,0,0,0,0,0,0,0,0,0,0,0
data/external/actions/stanford40/jumping/jumping_024.jpg,folder_actions,0,0,0,0,0,0,0,1,0,0,0,0,0,0,0,0,0,0,0,0
data/external/actions/stanford40/jumping/jumping_025.jpg,folder_actions,0,0,0,0,0,0,0,1,0,0,0,0,0,0,0,0,0,0,0,0
data/external/actions/stanford40/jumping/jumping_026.jpg,folder_actions,0,0,0,0,0,0,0,1,0,0,0,0,0,0,0,0,0,0,0,0
data/external/actions/stanford40/jumping/jumping_027.jpg,folder_actions,0,0,0,0,0,0,0,1,0,0,0,0,0,0,0,0,0,0,0,0
data/external/actions/stanford40/jumping/jumping_028.jpg,folder_actions,0,0,0,0,0,0,0,1,0,0,0,0,0,0,0,0,0,0,0,0
data/external/actions/stanford40/jumping/jumping_029.jpg,folder_actions,0,0,0,0,0,0,0,1,0,0,0,0,0,0,0,0,0,0,0,0
data/external/actions/stanford40/jumping/jumping_030.jpg,folder_actions,0,0,0,0,0,0,0,1,0,0,0,0,0,0,0,0,0,0,0,0
data/external/actions/stanford40/jumping/jumping_031.jpg,folder_actions,0,0,0,0,0,0,0,1,0,0,0,0,0,0,0,0,0,0,0,0
data/external/actions/stanford40/jumping/jumping_032.jpg,folder_actions,0,0,0,0,0,0,0,1,0,0,0,0,0,0,0,0,0,0,0,0
data/external/actions/stanford40/jumping/jumping_033.jpg,folder_actions,0,0,0,0,0,0,0,1,0,0,0,0,0,0,0,0,0,0,0,0
data/external/actions/stanford40/jumping/jumping_034.jpg,folder_actions,0,0,0,0,0,0,0,1,0,0,0,0,0,0,0,0,0,0,0,0
data/external/actions/stanford40/jumping/jumping_035.jpg,folder_actions,0,0,0,0,0,0,0,1,0,0,0,0,0,0,0,0,0,0,0,0
data/external/actions/stanford40/jumping/jumping_036.jpg,folder_actions,0,0,0,0,0,0,0,1,0,0,0,0,0,0,0,0,0,0,0,0
data/external/actions/stanford40/jumping/jumping_037.jpg,folder_actions,0,0,0,0,0,0,0,1,0,0,0,0,0,0,0,0,0,0,0,0
data/external/actions/stanford40/jumping/jumping_038.jpg,folder_actions,0,0,0,0,0,0,0,1,0,0,0,0,0,0,0,0,0,0,0,0
data/external/actions/stanford40/jumping/jumping_039.jpg,folder_actions,0,0,0,0,0,0,0,1,0,0,0,0,0,0,0,0,0,0,0,0
data/external/actions/stanford40/jumping/jumping_040.jpg,folder_actions,0,0,0,0,0,0,0,1,0,0,0,0,0,0,0,0,0,0,0,0
data/external/actions/stanford40/jumping/jumping_041.jpg,folder_actions,0,0,0,0,0,0,0,1,0,0,0,0,0,0,0,0,0,0,0,0
data/external/actions/stanford40/jumping/jumping_042.jpg,folder_actions,0,0,0,0,0,0,0,1,0,0,0,0,0,0,0,0,0,0,0,0
data/external/actions/stanford40/jumping/jumping_043.jpg,folder_actions,0,0,0,0,0,0,0,1,0,0,0,0,0,0,0,0,0,0,0,0
data/external/actions/stanford40/jumping/jumping_044.jpg,folder_actions,0,0,0,0,0,0,0,1,0,0,0,0,0,0,0,0,0,0,0,0
data/external/actions/stanford40/jumping/jumping_045.jpg,folder_actions,0,0,0,0,0,0,0,1,0,0,0,0,0,0,0,0,0,0,0,0
data/external/actions/stanford40/jumping/jumping_046.jpg,folder_actions,0,0,0,0,0,0,0,1,0,0,0,0,0,0,0,0,0,0,0,0
data/external/actions/stanford40/jumping/jumping_047.jpg,folder_actions,0,0,0,0,0,0,0,1,0,0,0,0,0,0,0,0,0,0,0,0
data/external/actions/stanford40/jumping/jumping_048.jpg,folder_actions,0,0,0,0,0,0,0,1,0,0,0,0,0,0,0,0,0,0,0,0
data/external/actions/stanford40/jumping/jumping_049.jpg,folder_actions,0,0,0,0,0,0,0,1,0,0,0,0,0,0,0,0,0,0,0,0
data/external/actions/stanford40/jumping/jumping_050.jpg,folder_actions,0,0,0,0,0,0,0,1,0,0,0,0,0,0,0,0,0,0,0,0
data/external/actions/stanford40/jumping/jumping_051.jpg,folder_actions,0,0,0,0,0,0,0,1,0,0,0,0,0,0,0,0,0,0,0,0
data/external/actions/stanford40/jumping/jumping_052.jpg,folder_actions,0,0,0,0,0,0,0,1,0,0,0,0,0,0,0,0,0,0,0,0
data/external/actions/stanford40/jumping/jumping_053.jpg,folder_actions,0,0,0,0,0,0,0,1,0,0,0,0,0,0,0,0,0,0,0,0
data/external/actions/stanford40/jumping/jumping_054.jpg,folder_actions,0,0,0,0,0,0,0,1,0,0,0,0,0,0,0,0,0,0,0,0
data/external/actions/stanford40/jumping/jumping_055.jpg,folder_actions,0,0,0,0,0,0,0,1,0,0,0,0,0,0,0,0,0,0,0,0
data/external/actions/stanford40/jumping/jumping_056.jpg,folder_actions,0,0,0,0,0,0,0,1,0,0,0,0,0,0,0,0,0,0,0,0
data/external/actions/stanford40/jumping/jumping_057.jpg,folder_actions,0,0,0,0,0,0,0,1,0,0,0,0,0,0,0,0,0,0,0,0
data/external/actions/stanford40/jumping/jumping_058.jpg,folder_actions,0,0,0,0,0,0,0,1,0,0,0,0,0,0,0,0,0,0,0,0
data/external/actions/stanford40/jumping/jumping_059.jpg,folder_actions,0,0,0,0,0,0,0,1,0,0,0,0,0,0,0,0,0,0,0,0
data/external/actions/stanford40/jumping/jumping_060.jpg,folder_actions,0,0,0,0,0,0,0,1,0,0,0,0,0,0,0,0,0,0,0,0
data/external/actions/stanford40/jumping/jumping_061.jpg,folder_actions,0,0,0,0,0,0,0,1,0,0,0,0,0,0,0,0,0,0,0,0
data/external/actions/stanford40/jumping/jumping_062.jpg,folder_actions,0,0,0,0,0,0,0,1,0,0,0,0,0,0,0,0,0,0,0,0
data/external/actions/stanford40/jumping/jumping_063.jpg,folder_actions,0,0,0,0,0,0,0,1,0,0,0,0,0,0,0,0,0,0,0,0
data/external/actions/stanford40/jumping/jumping_064.jpg,folder_actions,0,0,0,0,0,0,0,1,0,0,0,0,0,0,0,0,0,0,0,0
data/external/actions/stanford40/jumping/jumping_065.jpg,folder_actions,0,0,0,0,0,0,0,1,0,0,0,0,0,0,0,0,0,0,0,0
data/external/actions/stanford40/jumping/jumping_066.jpg,folder_actions,0,0,0,0,0,0,0,1,0,0,0,0,0,0,0,0,0,0,0,0
data/external/actions/stanford40/jumping/jumping_067.jpg,folder_actions,0,0,0,0,0,0,0,1,0,0,0,0,0,0,0,0,0,0,0,0
data/external/actions/stanford40/jumping/jumping_068.jpg,folder_actions,0,0,0,0,0,0,0,1,0,0,0,0,0,0,0,0,0,0,0,0
data/external/actions/stanford40/jumping/jumping_069.jpg,folder_actions,0,0,0,0,0,0,0,1,0,0,0,0,0,0,0,0,0,0,0,0
data/external/actions/stanford40/jumping/jumping_070.jpg,folder_actions,0,0,0,0,0,0,0,1,0,0,0,0,0,0,0,0,0,0,0,0
data/external/actions/stanford40/jumping/jumping_071.jpg,folder_actions,0,0,0,0,0,0,0,1,0,0,0,0,0,0,0,0,0,0,0,0
data/external/actions/stanford40/jumping/jumping_072.jpg,folder_actions,0,0,0,0,0,0,0,1,0,0,0,0,0,0,0,0,0,0,0,0
data/external/actions/stanford40/jumping/jumping_073.jpg,folder_actions,0,0,0,0,0,0,0,1,0,0,0,0,0,0,0,0,0,0,0,0
data/external/actions/stanford40/jumping/jumping_074.jpg,folder_actions,0,0,0,0,0,0,0,1,0,0,0,0,0,0,0,0,0,0,0,0
data/external/actions/stanford40/jumping/jumping_075.jpg,folder_actions,0,0,0,0,0,0,0,1,0,0,0,0,0,0,0,0,0,0,0,0
data/external/actions/stanford40/jumping/jumping_076.jpg,folder_actions,0,0,0,0,0,0,0,1,0,0,0,0,0,0,0,0,0,0,0,0
data/external/actions/stanford40/jumping/jumping_077.jpg,folder_actions,0,0,0,0,0,0,0,1,0,0,0,0,0,0,0,0,0,0,0,0
data/external/actions/stanford40/jumping/jumping_078.jpg,folder_actions,0,0,0,0,0,0,0,1,0,0,0,0,0,0,0,0,0,0,0,0
data/external/actions/stanford40/jumping/jumping_079.jpg,folder_actions,0,0,0,0,0,0,0,1,0,0,0,0,0,0,0,0,0,0,0,0
data/external/actions/stanford40/jumping/jumping_080.jpg,folder_actions,0,0,0,0,0,0,0,1,0,0,0,0,0,0,0,0,0,0,0,0
data/external/actions/stanford40/jumping/jumping_081.jpg,folder_actions,0,0,0,0,0,0,0,1,0,0,0,0,0,0,0,0,0,0,0,0
data/external/actions/stanford40/jumping/jumping_082.jpg,folder_actions,0,0,0,0,0,0,0,1,0,0,0,0,0,0,0,0,0,0,0,0
data/external/actions/stanford40/jumping/jumping_083.jpg,folder_actions,0,0,0,0,0,0,0,1,0,0,0,0,0,0,0,0,0,0,0,0
data/external/actions/stanford40/jumping/jumping_084.jpg,folder_actions,0,0,0,0,0,0,0,1,0,0,0,0,0,0,0,0,0,0,0,0
data/external/actions/stanford40/jumping/jumping_085.jpg,folder_actions,0,0,0,0,0,0,0,1,0,0,0,0,0,0,0,0,0,0,0,0
data/external/actions/stanford40/jumping/jumping_086.jpg,folder_actions,0,0,0,0,0,0,0,1,0,0,0,0,0,0,0,0,0,0,0,0
data/external/actions/stanford40/jumping/jumping_087.jpg,folder_actions,0,0,0,0,0,0,0,1,0,0,0,0,0,0,0,0,0,0,0,0
data/external/actions/stanford40/jumping/jumping_088.jpg,folder_actions,0,0,0,0,0,0,0,1,0,0,0,0,0,0,0,0,0,0,0,0
data/external/actions/stanford40/jumping/jumping_089.jpg,folder_actions,0,0,0,0,0,0,0,1,0,0,0,0,0,0,0,0,0,0,0,0
data/external/actions/stanford40/jumping/jumping_090.jpg,folder_actions,0,0,0,0,0,0,0,1,0,0,0,0,0,0,0,0,0,0,0,0
data/external/actions/stanford40/jumping/jumping_091.jpg,folder_actions,0,0,0,0,0,0,0,1,0,0,0,0,0,0,0,0,0,0,0,0
data/external/actions/stanford40/jumping/jumping_092.jpg,folder_actions,0,0,0,0,0,0,0,1,0,0,0,0,0,0,0,0,0,0,0,0
data/external/actions/stanford40/jumping/jumping_093.jpg,folder_actions,0,0,0,0,0,0,0,1,0,0,0,0,0,0,0,0,0,0,0,0
data/external/actions/stanford40/jumping/jumping_094.jpg,folder_actions,0,0,0,0,0,0,0,1,0,0,0,0,0,0,0,0,0,0,0,0
data/external/actions/stanford40/jumping/jumping_095.jpg,folder_actions,0,0,0,0,0,0,0,1,0,0,0,0,0,0,0,0,0,0,0,0
data/external/actions/stanford40/jumping/jumping_096.jpg,folder_actions,0,0,0,0,0,0,0,1,0,0,0,0,0,0,0,0,0,0,0,0
data/external/actions/stanford40/jumping/jumping_097.jpg,folder_actions,0,0,0,0,0,0,0,1,0,0,0,0,0,0,0,0,0,0,0,0
data/external/actions/stanford40/jumping/jumping_098.jpg,folder_actions,0,0,0,0,0,0,0,1,0,0,0,0,0,0,0,0,0,0,0,0
data/external/actions/stanford40/jumping/jumping_099.jpg,folder_actions,0,0,0,0,0,0,0,1,0,0,0,0,0,0,0,0,0,0,0,0
data/external/actions/stanford40/jumping/jumping_100.jpg,folder_actions,0,0,0,0,0,0,0,1,0,0,0,0,0,0,0,0,0,0,0,0
data/external/actions/stanford40/jumping/jumping_101.jpg,folder_actions,0,0,0,0,0,0,0,1,0,0,0,0,0,0,0,0,0,0,0,0
data/external/actions/stanford40/jumping/jumping_102.jpg,folder_actions,0,0,0,0,0,0,0,1,0,0,0,0,0,0,0,0,0,0,0,0
data/external/actions/stanford40/jumping/jumping_103.jpg,folder_actions,0,0,0,0,0,0,0,1,0,0,0,0,0,0,0,0,0,0,0,0
data/external/actions/stanford40/jumping/jumping_104.jpg,folder_actions,0,0,0,0,0,0,0,1,0,0,0,0,0,0,0,0,0,0,0,0
data/external/actions/stanford40/jumping/jumping_105.jpg,folder_actions,0,0,0,0,0,0,0,1,0,0,0,0,0,0,0,0,0,0,0,0
data/external/actions/stanford40/jumping/jumping_106.jpg,folder_actions,0,0,0,0,0,0,0,1,0,0,0,0,0,0,0,0,0,0,0,0
data/external/actions/stanford40/jumping/jumping_107.jpg,folder_actions,0,0,0,0,0,0,0,1,0,0,0,0,0,0,0,0,0,0,0,0
data/external/actions/stanford40/jumping/jumping_108.jpg,folder_actions,0,0,0,0,0,0,0,1,0,0,0,0,0,0,0,0,0,0,0,0
data/external/actions/stanford40/jumping/jumping_109.jpg,folder_actions,0,0,0,0,0,0,0,1,0,0,0,0,0,0,0,0,0,0,0,0
data/external/actions/stanford40/jumping/jumping_110.jpg,folder_actions,0,0,0,0,0,0,0,1,0,0,0,0,0,0,0,0,0,0,0,0
data/external/actions/stanford40/jumping/jumping_111.jpg,folder_actions,0,0,0,0,0,0,0,1,0,0,0,0,0,0,0,0,0,0,0,0
data/external/actions/stanford40/jumping/jumping_112.jpg,folder_actions,0,0,0,0,0,0,0,1,0,0,0,0,0,0,0,0,0,0,0,0
data/external/actions/stanford40/jumping/jumping_113.jpg,folder_actions,0,0,0,0,0,0,0,1,0,0,0,0,0,0,0,0,0,0,0,0
data/external/actions/stanford40/jumping/jumping_114.jpg,folder_actions,0,0,0,0,0,0,0,1,0,0,0,0,0,0,0,0,0,0,0,0
data/external/actions/stanford40/jumping/jumping_115.jpg,folder_actions,0,0,0,0,0,0,0,1,0,0,0,0,0,0,0,0,0,0,0,0
data/external/actions/stanford40/jumping/jumping_116.jpg,folder_actions,0,0,0,0,0,0,0,1,0,0,0,0,0,0,0,0,0,0,0,0
data/external/actions/stanford40/jumping/jumping_117.jpg,folder_actions,0,0,0,0,0,0,0,1,0,0,0,0,0,0,0,0,0,0,0,0
data/external/actions/stanford40/jumping/jumping_118.jpg,folder_actions,0,0,0,0,0,0,0,1,0,0,0,0,0,0,0,0,0,0,0,0
data/external/actions/stanford40/jumping/jumping_119.jpg,folder_actions,0,0,0,0,0,0,0,1,0,0,0,0,0,0,0,0,0,0,0,0
data/external/actions/stanford40/jumping/jumping_120.jpg,folder_actions,0,0,0,0,0,0,0,1,0,0,0,0,0,0,0,0,0,0,0,0
data/external/actions/stanford40/jumping/jumping_121.jpg,folder_actions,0,0,0,0,0,0,0,1,0,0,0,0,0,0,0,0,0,0,0,0
data/external/actions/stanford40/jumping/jumping_122.jpg,folder_actions,0,0,0,0,0,0,0,1,0,0,0,0,0,0,0,0,0,0,0,0
data/external/actions/stanford40/jumping/jumping_123.jpg,folder_actions,0,0,0,0,0,0,0,1,0,0,0,0,0,0,0,0,0,0,0,0
data/external/actions/stanford40/jumping/jumping_124.jpg,folder_actions,0,0,0,0,0,0,0,1,0,0,0,0,0,0,0,0,0,0,0,0
data/external/actions/stanford40/jumping/jumping_125.jpg,folder_actions,0,0,0,0,0,0,0,1,0,0,0,0,0,0,0,0,0,0,0,0
data/external/actions/stanford40/jumping/jumping_126.jpg,folder_actions,0,0,0,0,0,0,0,1,0,0,0,0,0,0,0,0,0,0,0,0
data/external/actions/stanford40/jumping/jumping_127.jpg,folder_actions,0,0,0,0,0,0,0,1,0,0,0,0,0,0,0,0,0,0,0,0
data/external/actions/stanford40/jumping/jumping_128.jpg,folder_actions,0,0,0,0,0,0,0,1,0,0,0,0,0,0,0,0,0,0,0,0
data/external/actions/stanford40/jumping/jumping_129.jpg,folder_actions,0,0,0,0,0,0,0,1,0,0,0,0,0,0,0,0,0,0,0,0
data/external/actions/stanford40/jumping/jumping_130.jpg,folder_actions,0,0,0,0,0,0,0,1,0,0,0,0,0,0,0,0,0,0,0,0
data/external/actions/stanford40/jumping/jumping_131.jpg,folder_actions,0,0,0,0,0,0,0,1,0,0,0,0,0,0,0,0,0,0,0,0
data/external/actions/stanford40/jumping/jumping_132.jpg,folder_actions,0,0,0,0,0,0,0,1,0,0,0,0,0,0,0,0,0,0,0,0
data/external/actions/stanford40/jumping/jumping_133.jpg,folder_actions,0,0,0,0,0,0,0,1,0,0,0,0,0,0,0,0,0,0,0,0
data/external/actions/stanford40/jumping/jumping_134.jpg,folder_actions,0,0,0,0,0,0,0,1,0,0,0,0,0,0,0,0,0,0,0,0
data/external/actions/stanford40/jumping/jumping_135.jpg,folder_actions,0,0,0,0,0,0,0,1,0,0,0,0,0,0,0,0,0,0,0,0
data/external/actions/stanford40/jumping/jumping_136.jpg,folder_actions,0,0,0,0,0,0,0,1,0,0,0,0,0,0,0,0,0,0,0,0
data/external/actions/stanford40/jumping/jumping_137.jpg,folder_actions,0,0,0,0,0,0,0,1,0,0,0,0,0,0,0,0,0,0,0,0
data/external/actions/stanford40/jumping/jumping_138.jpg,folder_actions,0,0,0,0,0,0,0,1,0,0,0,0,0,0,0,0,0,0,0,0
data/external/actions/stanford40/jumping/jumping_139.jpg,folder_actions,0,0,0,0,0,0,0,1,0,0,0,0,0,0,0,0,0,0,0,0
data/external/actions/stanford40/jumping/jumping_140.jpg,folder_actions,0,0,0,0,0,0,0,1,0,0,0,0,0,0,0,0,0,0,0,0
data/external/actions/stanford40/jumping/jumping_141.jpg,folder_actions,0,0,0,0,0,0,0,1,0,0,0,0,0,0,0,0,0,0,0,0
data/external/actions/stanford40/jumping/jumping_142.jpg,folder_actions,0,0,0,0,0,0,0,1,0,0,0,0,0,0,0,0,0,0,0,0
data/external/actions/stanford40/jumping/jumping_143.jpg,folder_actions,0,0,0,0,0,0,0,1,0,0,0,0,0,0,0,0,0,0,0,0
data/external/actions/stanford40/jumping/jumping_144.jpg,folder_actions,0,0,0,0,0,0,0,1,0,0,0,0,0,0,0,0,0,0,0,0
data/external/actions/stanford40/jumping/jumping_145.jpg,folder_actions,0,0,0,0,0,0,0,1,0,0,0,0,0,0,0,0,0,0,0,0
data/external/actions/stanford40/jumping/jumping_146.jpg,folder_actions,0,0,0,0,0,0,0,1,0,0,0,0,0,0,0,0,0,0,0,0
data/external/actions/stanford40/jumping/jumping_147.jpg,folder_actions,0,0,0,0,0,0,0,1,0,0,0,0,0,0,0,0,0,0,0,0
data/external/actions/stanford40/jumping/jumping_148.jpg,folder_actions,0,0,0,0,0,0,0,1,0,0,0,0,0,0,0,0,0,0,0,0
data/external/actions/stanford40/jumping/jumping_149.jpg,folder_actions,0,0,0,0,0,0,0,1,0,0,0,0,0,0,0,0,0,0,0,0
data/external/actions/stanford40/jumping/jumping_150.jpg,folder_actions,0,0,0,0,0,0,0,1,0,0,0,0,0,0,0,0,0,0,0,0
data/external/actions/stanford40/jumping/jumping_151.jpg,folder_actions,0,0,0,0,0,0,0,1,0,0,0,0,0,0,0,0,0,0,0,0
data/external/actions/stanford40/jumping/jumping_152.jpg,folder_actions,0,0,0,0,0,0,0,1,0,0,0,0,0,0,0,0,0,0,0,0
data/external/actions/stanford40/jumping/jumping_153.jpg,folder_actions,0,0,0,0,0,0,0,1,0,0,0,0,0,0,0,0,0,0,0,0
data/external/actions/stanford40/jumping/jumping_154.jpg,folder_actions,0,0,0,0,0,0,0,1,0,0,0,0,0,0,0,0,0,0,0,0
data/external/actions/stanford40/jumping/jumping_155.jpg,folder_actions,0,0,0,0,0,0,0,1,0,0,0,0,0,0,0,0,0,0,0,0
data/external/actions/stanford40/jumping/jumping_156.jpg,folder_actions,0,0,0,0,0,0,0,1,0,0,0,0,0,0,0,0,0,0,0,0
data/external/actions/stanford40/jumping/jumping_157.jpg,folder_actions,0,0,0,0,0,0,0,1,0,0,0,0,0,0,0,0,0,0,0,0
data/external/actions/stanford40/jumping/jumping_158.jpg,folder_actions,0,0,0,0,0,0,0,1,0,0,0,0,0,0,0,0,0,0,0,0
data/external/actions/stanford40/jumping/jumping_159.jpg,folder_actions,0,0,0,0,0,0,0,1,0,0,0,0,0,0,0,0,0,0,0,0
data/external/actions/stanford40/jumping/jumping_160.jpg,folder_actions,0,0,0,0,0,0,0,1,0,0,0,0,0,0,0,0,0,0,0,0
data/external/actions/stanford40/jumping/jumping_161.jpg,folder_actions,0,0,0,0,0,0,0,1,0,0,0,0,0,0,0,0,0,0,0,0
data/external/actions/stanford40/jumping/jumping_162.jpg,folder_actions,0,0,0,0,0,0,0,1,0,0,0,0,0,0,0,0,0,0,0,0
data/external/actions/stanford40/jumping/jumping_163.jpg,folder_actions,0,0,0,0,0,0,0,1,0,0,0,0,0,0,0,0,0,0,0,0
data/external/actions/stanford40/jumping/jumping_164.jpg,folder_actions,0,0,0,0,0,0,0,1,0,0,0,0,0,0,0,0,0,0,0,0
data/external/actions/stanford40/jumping/jumping_165.jpg,folder_actions,0,0,0,0,0,0,0,1,0,0,0,0,0,0,0,0,0,0,0,0
data/external/actions/stanford40/jumping/jumping_166.jpg,folder_actions,0,0,0,0,0,0,0,1,0,0,0,0,0,0,0,0,0,0,0,0
data/external/actions/stanford40/jumping/jumping_167.jpg,folder_actions,0,0,0,0,0,0,0,1,0,0,0,0,0,0,0,0,0,0,0,0
data/external/actions/stanford40/jumping/jumping_168.jpg,folder_actions,0,0,0,0,0,0,0,1,0,0,0,0,0,0,0,0,0,0,0,0
data/external/actions/stanford40/jumping/jumping_169.jpg,folder_actions,0,0,0,0,0,0,0,1,0,0,0,0,0,0,0,0,0,0,0,0
data/external/actions/stanford40/jumping/jumping_170.jpg,folder_actions,0,0,0,0,0,0,0,1,0,0,0,0,0,0,0,0,0,0,0,0
data/external/actions/stanford40/jumping/jumping_171.jpg,folder_actions,0,0,0,0,0,0,0,1,0,0,0,0,0,0,0,0,0,0,0,0
data/external/actions/stanford40/jumping/jumping_172.jpg,folder_actions,0,0,0,0,0,0,0,1,0,0,0,0,0,0,0,0,0,0,0,0
data/external/actions/stanford40/jumping/jumping_173.jpg,folder_actions,0,0,0,0,0,0,0,1,0,0,0,0,0,0,0,0,0,0,0,0
data/external/actions/stanford40/jumping/jumping_174.jpg,folder_actions,0,0,0,0,0,0,0,1,0,0,0,0,0,0,0,0,0,0,0,0
data/external/actions/stanford40/jumping/jumping_175.jpg,folder_actions,0,0,0,0,0,0,0,1,0,0,0,0,0,0,0,0,0,0,0,0
data/external/actions/stanford40/jumping/jumping_176.jpg,folder_actions,0,0,0,0,0,0,0,1,0,0,0,0,0,0,0,0,0,0,0,0
data/external/actions/stanford40/jumping/jumping_177.jpg,folder_actions,0,0,0,0,0,0,0,1,0,0,0,0,0,0,0,0,0,0,0,0
data/external/actions/stanford40/jumping/jumping_178.jpg,folder_actions,0,0,0,0,0,0,0,1,0,0,0,0,0,0,0,0,0,0,0,0
data/external/actions/stanford40/jumping/jumping_179.jpg,folder_actions,0,0,0,0,0,0,0,1,0,0,0,0,0,0,0,0,0,0,0,0
data/external/actions/stanford40/jumping/jumping_180.jpg,folder_actions,0,0,0,0,0,0,0,1,0,0,0,0,0,0,0,0,0,0,0,0
data/external/actions/stanford40/jumping/jumping_181.jpg,folder_actions,0,0,0,0,0,0,0,1,0,0,0,0,0,0,0,0,0,0,0,0
data/external/actions/stanford40/jumping/jumping_182.jpg,folder_actions,0,0,0,0,0,0,0,1,0,0,0,0,0,0,0,0,0,0,0,0
data/external/actions/stanford40/jumping/jumping_183.jpg,folder_actions,0,0,0,0,0,0,0,1,0,0,0,0,0,0,0,0,0,0,0,0
data/external/actions/stanford40/jumping/jumping_184.jpg,folder_actions,0,0,0,0,0,0,0,1,0,0,0,0,0,0,0,0,0,0,0,0
data/external/actions/stanford40/jumping/jumping_185.jpg,folder_actions,0,0,0,0,0,0,0,1,0,0,0,0,0,0,0,0,0,0,0,0
data/external/actions/stanford40/jumping/jumping_186.jpg,folder_actions,0,0,0,0,0,0,0,1,0,0,0,0,0,0,0,0,0,0,0,0
data/external/actions/stanford40/jumping/jumping_187.jpg,folder_actions,0,0,0,0,0,0,0,1,0,0,0,0,0,0,0,0,0,0,0,0
data/external/actions/stanford40/jumping/jumping_188.jpg,folder_actions,0,0,0,0,0,0,0,1,0,0,0,0,0,0,0,0,0,0,0,0
data/external/actions/stanford40/jumping/jumping_189.jpg,folder_actions,0,0,0,0,0,0,0,1,0,0,0,0,0,0,0,0,0,0,0,0
data/external/actions/stanford40/jumping/jumping_190.jpg,folder_actions,0,0,0,0,0,0,0,1,0,0,0,0,0,0,0,0,0,0,0,0
data/external/actions/stanford40/jumping/jumping_191.jpg,folder_actions,0,0,0,0,0,0,0,1,0,0,0,0,0,0,0,0,0,0,0,0
data/external/actions/stanford40/jumping/jumping_192.jpg,folder_actions,0,0,0,0,0,0,0,1,0,0,0,0,0,0,0,0,0,0,0,0
data/external/actions/stanford40/jumping/jumping_193.jpg,folder_actions,0,0,0,0,0,0,0,1,0,0,0,0,0,0,0,0,0,0,0,0
data/external/actions/stanford40/jumping/jumping_194.jpg,folder_actions,0,0,0,0,0,0,0,1,0,0,0,0,0,0,0,0,0,0,0,0
data/external/actions/stanford40/jumping/jumping_195.jpg,folder_actions,0,0,0,0,0,0,0,1,0,0,0,0,0,0,0,0,0,0,0,0
data/external/actions/stanford40/jumping/jumping_196.jpg,folder_actions,0,0,0,0,0,0,0,1,0,0,0,0,0,0,0,0,0,0,0,0
data/external/actions/stanford40/jumping/jumping_197.jpg,folder_actions,0,0,0,0,0,0,0,1,0,0,0,0,0,0,0,0,0,0,0,0
data/external/actions/stanford40/jumping/jumping_198.jpg,folder_actions,0,0,0,0,0,0,0,1,0,0,0,0,0,0,0,0,0,0,0,0
data/external/actions/stanford40/jumping/jumping_199.jpg,folder_actions,0,0,0,0,0,0,0,1,0,0,0,0,0,0,0,0,0,0,0,0
data/external/actions/stanford40/jumping/jumping_200.jpg,folder_actions,0,0,0,0,0,0,0,1,0,0,0,0,0,0,0,0,0,0,0,0
data/external/actions/stanford40/jumping/jumping_201.jpg,folder_actions,0,0,0,0,0,0,0,1,0,0,0,0,0,0,0,0,0,0,0,0
data/external/actions/stanford40/jumping/jumping_202.jpg,folder_actions,0,0,0,0,0,0,0,1,0,0,0,0,0,0,0,0,0,0,0,0
data/external/actions/stanford40/jumping/jumping_203.jpg,folder_actions,0,0,0,0,0,0,0,1,0,0,0,0,0,0,0,0,0,0,0,0
data/external/actions/stanford40/jumping/jumping_204.jpg,folder_actions,0,0,0,0,0,0,0,1,0,0,0,0,0,0,0,0,0,0,0,0
data/external/actions/stanford40/jumping/jumping_205.jpg,folder_actions,0,0,0,0,0,0,0,1,0,0,0,0,0,0,0,0,0,0,0,0
data/external/actions/stanford40/jumping/jumping_206.jpg,folder_actions,0,0,0,0,0,0,0,1,0,0,0,0,0,0,0,0,0,0,0,0
data/external/actions/stanford40/jumping/jumping_207.jpg,folder_actions,0,0,0,0,0,0,0,1,0,0,0,0,0,0,0,0,0,0,0,0
data/external/actions/stanford40/jumping/jumping_208.jpg,folder_actions,0,0,0,0,0,0,0,1,0,0,0,0,0,0,0,0,0,0,0,0
data/external/actions/stanford40/jumping/jumping_209.jpg,folder_actions,0,0,0,0,0,0,0,1,0,0,0,0,0,0,0,0,0,0,0,0
data/external/actions/stanford40/jumping/jumping_210.jpg,folder_actions,0,0,0,0,0,0,0,1,0,0,0,0,0,0,0,0,0,0,0,0
data/external/actions/stanford40/jumping/jumping_211.jpg,folder_actions,0,0,0,0,0,0,0,1,0,0,0,0,0,0,0,0,0,0,0,0
data/external/actions/stanford40/jumping/jumping_212.jpg,folder_actions,0,0,0,0,0,0,0,1,0,0,0,0,0,0,0,0,0,0,0,0
data/external/actions/stanford40/jumping/jumping_213.jpg,folder_actions,0,0,0,0,0,0,0,1,0,0,0,0,0,0,0,0,0,0,0,0
data/external/actions/stanford40/jumping/jumping_214.jpg,folder_actions,0,0,0,0,0,0,0,1,0,0,0,0,0,0,0,0,0,0,0,0
data/external/actions/stanford40/jumping/jumping_215.jpg,folder_actions,0,0,0,0,0,0,0,1,0,0,0,0,0,0,0,0,0,0,0,0
data/external/actions/stanford40/jumping/jumping_216.jpg,folder_actions,0,0,0,0,0,0,0,1,0,0,0,0,0,0,0,0,0,0,0,0
data/external/actions/stanford40/jumping/jumping_217.jpg,folder_actions,0,0,0,0,0,0,0,1,0,0,0,0,0,0,0,0,0,0,0,0
data/external/actions/stanford40/jumping/jumping_218.jpg,folder_actions,0,0,0,0,0,0,0,1,0,0,0,0,0,0,0,0,0,0,0,0
data/external/actions/stanford40/jumping/jumping_219.jpg,folder_actions,0,0,0,0,0,0,0,1,0,0,0,0,0,0,0,0,0,0,0,0
data/external/actions/stanford40/jumping/jumping_220.jpg,folder_actions,0,0,0,0,0,0,0,1,0,0,0,0,0,0,0,0,0,0,0,0
data/external/actions/stanford40/jumping/jumping_221.jpg,folder_actions,0,0,0,0,0,0,0,1,0,0,0,0,0,0,0,0,0,0,0,0
data/external/actions/stanford40/jumping/jumping_222.jpg,folder_actions,0,0,0,0,0,0,0,1,0,0,0,0,0,0,0,0,0,0,0,0
data/external/actions/stanford40/jumping/jumping_223.jpg,folder_actions,0,0,0,0,0,0,0,1,0,0,0,0,0,0,0,0,0,0,0,0
data/external/actions/stanford40/jumping/jumping_224.jpg,folder_actions,0,0,0,0,0,0,0,1,0,0,0,0,0,0,0,0,0,0,0,0
data/external/actions/stanford40/jumping/jumping_225.jpg,folder_actions,0,0,0,0,0,0,0,1,0,0,0,0,0,0,0,0,0,0,0,0
data/external/actions/stanford40/jumping/jumping_226.jpg,folder_actions,0,0,0,0,0,0,0,1,0,0,0,0,0,0,0,0,0,0,0,0
data/external/actions/stanford40/jumping/jumping_227.jpg,folder_actions,0,0,0,0,0,0,0,1,0,0,0,0,0,0,0,0,0,0,0,0
data/external/actions/stanford40/jumping/jumping_228.jpg,folder_actions,0,0,0,0,0,0,0,1,0,0,0,0,0,0,0,0,0,0,0,0
data/external/actions/stanford40/jumping/jumping_229.jpg,folder_actions,0,0,0,0,0,0,0,1,0,0,0,0,0,0,0,0,0,0,0,0
data/external/actions/stanford40/jumping/jumping_230.jpg,folder_actions,0,0,0,0,0,0,0,1,0,0,0,0,0,0,0,0,0,0,0,0
data/external/actions/stanford40/jumping/jumping_231.jpg,folder_actions,0,0,0,0,0,0,0,1,0,0,0,0,0,0,0,0,0,0,0,0
data/external/actions/stanford40/jumping/jumping_232.jpg,folder_actions,0,0,0,0,0,0,0,1,0,0,0,0,0,0,0,0,0,0,0,0
data/external/actions/stanford40/jumping/jumping_233.jpg,folder_actions,0,0,0,0,0,0,0,1,0,0,0,0,0,0,0,0,0,0,0,0
data/external/actions/stanford40/jumping/jumping_234.jpg,folder_actions,0,0,0,0,0,0,0,1,0,0,0,0,0,0,0,0,0,0,0,0
data/external/actions/stanford40/jumping/jumping_235.jpg,folder_actions,0,0,0,0,0,0,0,1,0,0,0,0,0,0,0,0,0,0,0,0
data/external/actions/stanford40/jumping/jumping_236.jpg,folder_actions,0,0,0,0,0,0,0,1,0,0,0,0,0,0,0,0,0,0,0,0
data/external/actions/stanford40/jumping/jumping_237.jpg,folder_actions,0,0,0,0,0,0,0,1,0,0,0,0,0,0,0,0,0,0,0,0
data/external/actions/stanford40/jumping/jumping_238.jpg,folder_actions,0,0,0,0,0,0,0,1,0,0,0,0,0,0,0,0,0,0,0,0
data/external/actions/stanford40/jumping/jumping_239.jpg,folder_actions,0,0,0,0,0,0,0,1,0,0,0,0,0,0,0,0,0,0,0,0
data/external/actions/stanford40/jumping/jumping_240.jpg,folder_actions,0,0,0,0,0,0,0,1,0,0,0,0,0,0,0,0,0,0,0,0
data/external/actions/stanford40/jumping/jumping_241.jpg,folder_actions,0,0,0,0,0,0,0,1,0,0,0,0,0,0,0,0,0,0,0,0
data/external/actions/stanford40/jumping/jumping_242.jpg,folder_actions,0,0,0,0,0,0,0,1,0,0,0,0,0,0,0,0,0,0,0,0
data/external/actions/stanford40/jumping/jumping_243.jpg,folder_actions,0,0,0,0,0,0,0,1,0,0,0,0,0,0,0,0,0,0,0,0
data/external/actions/stanford40/jumping/jumping_244.jpg,folder_actions,0,0,0,0,0,0,0,1,0,0,0,0,0,0,0,0,0,0,0,0
data/external/actions/stanford40/jumping/jumping_245.jpg,folder_actions,0,0,0,0,0,0,0,1,0,0,0,0,0,0,0,0,0,0,0,0
data/external/actions/stanford40/jumping/jumping_246.jpg,folder_actions,0,0,0,0,0,0,0,1,0,0,0,0,0,0,0,0,0,0,0,0
data/external/actions/stanford40/jumping/jumping_247.jpg,folder_actions,0,0,0,0,0,0,0,1,0,0,0,0,0,0,0,0,0,0,0,0
data/external/actions/stanford40/jumping/jumping_248.jpg,folder_actions,0,0,0,0,0,0,0,1,0,0,0,0,0,0,0,0,0,0,0,0
data/external/actions/stanford40/jumping/jumping_249.jpg,folder_actions,0,0,0,0,0,0,0,1,0,0,0,0,0,0,0,0,0,0,0,0
data/external/actions/stanford40/jumping/jumping_250.jpg,folder_actions,0,0,0,0,0,0,0,1,0,0,0,0,0,0,0,0,0,0,0,0
data/external/actions/stanford40/jumping/jumping_251.jpg,folder_actions,0,0,0,0,0,0,0,1,0,0,0,0,0,0,0,0,0,0,0,0
data/external/actions/stanford40/jumping/jumping_252.jpg,folder_actions,0,0,0,0,0,0,0,1,0,0,0,0,0,0,0,0,0,0,0,0
data/external/actions/stanford40/jumping/jumping_253.jpg,folder_actions,0,0,0,0,0,0,0,1,0,0,0,0,0,0,0,0,0,0,0,0
data/external/actions/stanford40/jumping/jumping_254.jpg,folder_actions,0,0,0,0,0,0,0,1,0,0,0,0,0,0,0,0,0,0,0,0
data/external/actions/stanford40/jumping/jumping_255.jpg,folder_actions,0,0,0,0,0,0,0,1,0,0,0,0,0,0,0,0,0,0,0,0
data/external/actions/stanford40/jumping/jumping_256.jpg,folder_actions,0,0,0,0,0,0,0,1,0,0,0,0,0,0,0,0,0,0,0,0
data/external/actions/stanford40/jumping/jumping_257.jpg,folder_actions,0,0,0,0,0,0,0,1,0,0,0,0,0,0,0,0,0,0,0,0
data/external/actions/stanford40/jumping/jumping_258.jpg,folder_actions,0,0,0,0,0,0,0,1,0,0,0,0,0,0,0,0,0,0,0,0
data/external/actions/stanford40/jumping/jumping_259.jpg,folder_actions,0,0,0,0,0,0,0,1,0,0,0,0,0,0,0,0,0,0,0,0
data/external/actions/stanford40/jumping/jumping_260.jpg,folder_actions,0,0,0,0,0,0,0,1,0,0,0,0,0,0,0,0,0,0,0,0
data/external/actions/stanford40/jumping/jumping_261.jpg,folder_actions,0,0,0,0,0,0,0,1,0,0,0,0,0,0,0,0,0,0,0,0
data/external/actions/stanford40/jumping/jumping_262.jpg,folder_actions,0,0,0,0,0,0,0,1,0,0,0,0,0,0,0,0,0,0,0,0
data/external/actions/stanford40/jumping/jumping_263.jpg,folder_actions,0,0,0,0,0,0,0,1,0,0,0,0,0,0,0,0,0,0,0,0
data/external/actions/stanford40/jumping/jumping_264.jpg,folder_actions,0,0,0,0,0,0,0,1,0,0,0,0,0,0,0,0,0,0,0,0
data/external/actions/stanford40/jumping/jumping_265.jpg,folder_actions,0,0,0,0,0,0,0,1,0,0,0,0,0,0,0,0,0,0,0,0
data/external/actions/stanford40/jumping/jumping_266.jpg,folder_actions,0,0,0,0,0,0,0,1,0,0,0,0,0,0,0,0,0,0,0,0
data/external/actions/stanford40/jumping/jumping_267.jpg,folder_actions,0,0,0,0,0,0,0,1,0,0,0,0,0,0,0,0,0,0,0,0
data/external/actions/stanford40/jumping/jumping_268.jpg,folder_actions,0,0,0,0,0,0,0,1,0,0,0,0,0,0,0,0,0,0,0,0
data/external/actions/stanford40/jumping/jumping_269.jpg,folder_actions,0,0,0,0,0,0,0,1,0,0,0,0,0,0,0,0,0,0,0,0
data/external/actions/stanford40/jumping/jumping_270.jpg,folder_actions,0,0,0,0,0,0,0,1,0,0,0,0,0,0,0,0,0,0,0,0
data/external/actions/stanford40/jumping/jumping_271.jpg,folder_actions,0,0,0,0,0,0,0,1,0,0,0,0,0,0,0,0,0,0,0,0
data/external/actions/stanford40/jumping/jumping_272.jpg,folder_actions,0,0,0,0,0,0,0,1,0,0,0,0,0,0,0,0,0,0,0,0
data/external/actions/stanford40/jumping/jumping_273.jpg,folder_actions,0,0,0,0,0,0,0,1,0,0,0,0,0,0,0,0,0,0,0,0
data/external/actions/stanford40/jumping/jumping_274.jpg,folder_actions,0,0,0,0,0,0,0,1,0,0,0,0,0,0,0,0,0,0,0,0
data/external/actions/stanford40/jumping/jumping_275.jpg,folder_actions,0,0,0,0,0,0,0,1,0,0,0,0,0,0,0,0,0,0,0,0
data/external/actions/stanford40/jumping/jumping_276.jpg,folder_actions,0,0,0,0,0,0,0,1,0,0,0,0,0,0,0,0,0,0,0,0
data/external/actions/stanford40/jumping/jumping_277.jpg,folder_actions,0,0,0,0,0,0,0,1,0,0,0,0,0,0,0,0,0,0,0,0
data/external/actions/stanford40/jumping/jumping_278.jpg,folder_actions,0,0,0,0,0,0,0,1,0,0,0,0,0,0,0,0,0,0,0,0
data/external/actions/stanford40/jumping/jumping_279.jpg,folder_actions,0,0,0,0,0,0,0,1,0,0,0,0,0,0,0,0,0,0,0,0
data/external/actions/stanford40/jumping/jumping_280.jpg,folder_actions,0,0,0,0,0,0,0,1,0,0,0,0,0,0,0,0,0,0,0,0
data/external/actions/stanford40/jumping/jumping_281.jpg,folder_actions,0,0,0,0,0,0,0,1,0,0,0,0,0,0,0,0,0,0,0,0
data/external/actions/stanford40/jumping/jumping_282.jpg,folder_actions,0,0,0,0,0,0,0,1,0,0,0,0,0,0,0,0,0,0,0,0
data/external/actions/stanford40/jumping/jumping_283.jpg,folder_actions,0,0,0,0,0,0,0,1,0,0,0,0,0,0,0,0,0,0,0,0
data/external/actions/stanford40/jumping/jumping_284.jpg,folder_actions,0,0,0,0,0,0,0,1,0,0,0,0,0,0,0,0,0,0,0,0
data/external/actions/stanford40/jumping/jumping_285.jpg,folder_actions,0,0,0,0,0,0,0,1,0,0,0,0,0,0,0,0,0,0,0,0
data/external/actions/stanford40/jumping/jumping_286.jpg,folder_actions,0,0,0,0,0,0,0,1,0,0,0,0,0,0,0,0,0,0,0,0
data/external/actions/stanford40/jumping/jumping_287.jpg,folder_actions,0,0,0,0,0,0,0,1,0,0,0,0,0,0,0,0,0,0,0,0
data/external/actions/stanford40/jumping/jumping_288.jpg,folder_actions,0,0,0,0,0,0,0,1,0,0,0,0,0,0,0,0,0,0,0,0
data/external/actions/stanford40/jumping/jumping_289.jpg,folder_actions,0,0,0,0,0,0,0,1,0,0,0,0,0,0,0,0,0,0,0,0
data/external/actions/stanford40/jumping/jumping_290.jpg,folder_actions,0,0,0,0,0,0,0,1,0,0,0,0,0,0,0,0,0,0,0,0
data/external/actions/stanford40/jumping/jumping_291.jpg,folder_actions,0,0,0,0,0,0,0,1,0,0,0,0,0,0,0,0,0,0,0,0
data/external/actions/stanford40/jumping/jumping_292.jpg,folder_actions,0,0,0,0,0,0,0,1,0,0,0,0,0,0,0,0,0,0,0,0
data/external/actions/stanford40/jumping/jumping_293.jpg,folder_actions,0,0,0,0,0,0,0,1,0,0,0,0,0,0,0,0,0,0,0,0
data/external/actions/stanford40/jumping/jumping_294.jpg,folder_actions,0,0,0,0,0,0,0,1,0,0,0,0,0,0,0,0,0,0,0,0
data/external/actions/stanford40/jumping/jumping_295.jpg,folder_actions,0,0,0,0,0,0,0,1,0,0,0,0,0,0,0,0,0,0,0,0
data/external/actions/stanford40/running/running_001.jpg,folder_actions,0,0,0,0,0,0,1,0,0,0,0,0,0,0,0,0,0,0,0,0
data/external/actions/stanford40/running/running_002.jpg,folder_actions,0,0,0,0,0,0,1,0,0,0,0,0,0,0,0,0,0,0,0,0
data/external/actions/stanford40/running/running_003.jpg,folder_actions,0,0,0,0,0,0,1,0,0,0,0,0,0,0,0,0,0,0,0,0
data/external/actions/stanford40/running/running_004.jpg,folder_actions,0,0,0,0,0,0,1,0,0,0,0,0,0,0,0,0,0,0,0,0
data/external/actions/stanford40/running/running_005.jpg,folder_actions,0,0,0,0,0,0,1,0,0,0,0,0,0,0,0,0,0,0,0,0
data/external/actions/stanford40/running/running_006.jpg,folder_actions,0,0,0,0,0,0,1,0,0,0,0,0,0,0,0,0,0,0,0,0
data/external/actions/stanford40/running/running_007.jpg,folder_actions,0,0,0,0,0,0,1,0,0,0,0,0,0,0,0,0,0,0,0,0
data/external/actions/stanford40/running/running_008.jpg,folder_actions,0,0,0,0,0,0,1,0,0,0,0,0,0,0,0,0,0,0,0,0
data/external/actions/stanford40/running/running_009.jpg,folder_actions,0,0,0,0,0,0,1,0,0,0,0,0,0,0,0,0,0,0,0,0
data/external/actions/stanford40/running/running_010.jpg,folder_actions,0,0,0,0,0,0,1,0,0,0,0,0,0,0,0,0,0,0,0,0
data/external/actions/stanford40/running/running_011.jpg,folder_actions,0,0,0,0,0,0,1,0,0,0,0,0,0,0,0,0,0,0,0,0
data/external/actions/stanford40/running/running_012.jpg,folder_actions,0,0,0,0,0,0,1,0,0,0,0,0,0,0,0,0,0,0,0,0
data/external/actions/stanford40/running/running_013.jpg,folder_actions,0,0,0,0,0,0,1,0,0,0,0,0,0,0,0,0,0,0,0,0
data/external/actions/stanford40/running/running_014.jpg,folder_actions,0,0,0,0,0,0,1,0,0,0,0,0,0,0,0,0,0,0,0,0
data/external/actions/stanford40/running/running_015.jpg,folder_actions,0,0,0,0,0,0,1,0,0,0,0,0,0,0,0,0,0,0,0,0
data/external/actions/stanford40/running/running_016.jpg,folder_actions,0,0,0,0,0,0,1,0,0,0,0,0,0,0,0,0,0,0,0,0
data/external/actions/stanford40/running/running_017.jpg,folder_actions,0,0,0,0,0,0,1,0,0,0,0,0,0,0,0,0,0,0,0,0
data/external/actions/stanford40/running/running_018.jpg,folder_actions,0,0,0,0,0,0,1,0,0,0,0,0,0,0,0,0,0,0,0,0
data/external/actions/stanford40/running/running_019.jpg,folder_actions,0,0,0,0,0,0,1,0,0,0,0,0,0,0,0,0,0,0,0,0
data/external/actions/stanford40/running/running_020.jpg,folder_actions,0,0,0,0,0,0,1,0,0,0,0,0,0,0,0,0,0,0,0,0
data/external/actions/stanford40/running/running_021.jpg,folder_actions,0,0,0,0,0,0,1,0,0,0,0,0,0,0,0,0,0,0,0,0
data/external/actions/stanford40/running/running_022.jpg,folder_actions,0,0,0,0,0,0,1,0,0,0,0,0,0,0,0,0,0,0,0,0
data/external/actions/stanford40/running/running_023.jpg,folder_actions,0,0,0,0,0,0,1,0,0,0,0,0,0,0,0,0,0,0,0,0
data/external/actions/stanford40/running/running_024.jpg,folder_actions,0,0,0,0,0,0,1,0,0,0,0,0,0,0,0,0,0,0,0,0
data/external/actions/stanford40/running/running_025.jpg,folder_actions,0,0,0,0,0,0,1,0,0,0,0,0,0,0,0,0,0,0,0,0
data/external/actions/stanford40/running/running_026.jpg,folder_actions,0,0,0,0,0,0,1,0,0,0,0,0,0,0,0,0,0,0,0,0
data/external/actions/stanford40/running/running_027.jpg,folder_actions,0,0,0,0,0,0,1,0,0,0,0,0,0,0,0,0,0,0,0,0
data/external/actions/stanford40/running/running_028.jpg,folder_actions,0,0,0,0,0,0,1,0,0,0,0,0,0,0,0,0,0,0,0,0
data/external/actions/stanford40/running/running_029.jpg,folder_actions,0,0,0,0,0,0,1,0,0,0,0,0,0,0,0,0,0,0,0,0
data/external/actions/stanford40/running/running_030.jpg,folder_actions,0,0,0,0,0,0,1,0,0,0,0,0,0,0,0,0,0,0,0,0
data/external/actions/stanford40/running/running_031.jpg,folder_actions,0,0,0,0,0,0,1,0,0,0,0,0,0,0,0,0,0,0,0,0
data/external/actions/stanford40/running/running_032.jpg,folder_actions,0,0,0,0,0,0,1,0,0,0,0,0,0,0,0,0,0,0,0,0
data/external/actions/stanford40/running/running_033.jpg,folder_actions,0,0,0,0,0,0,1,0,0,0,0,0,0,0,0,0,0,0,0,0
data/external/actions/stanford40/running/running_034.jpg,folder_actions,0,0,0,0,0,0,1,0,0,0,0,0,0,0,0,0,0,0,0,0
data/external/actions/stanford40/running/running_035.jpg,folder_actions,0,0,0,0,0,0,1,0,0,0,0,0,0,0,0,0,0,0,0,0
data/external/actions/stanford40/running/running_036.jpg,folder_actions,0,0,0,0,0,0,1,0,0,0,0,0,0,0,0,0,0,0,0,0
data/external/actions/stanford40/running/running_037.jpg,folder_actions,0,0,0,0,0,0,1,0,0,0,0,0,0,0,0,0,0,0,0,0
data/external/actions/stanford40/running/running_038.jpg,folder_actions,0,0,0,0,0,0,1,0,0,0,0,0,0,0,0,0,0,0,0,0
data/external/actions/stanford40/running/running_039.jpg,folder_actions,0,0,0,0,0,0,1,0,0,0,0,0,0,0,0,0,0,0,0,0
data/external/actions/stanford40/running/running_040.jpg,folder_actions,0,0,0,0,0,0,1,0,0,0,0,0,0,0,0,0,0,0,0,0
data/external/actions/stanford40/running/running_041.jpg,folder_actions,0,0,0,0,0,0,1,0,0,0,0,0,0,0,0,0,0,0,0,0
data/external/actions/stanford40/running/running_042.jpg,folder_actions,0,0,0,0,0,0,1,0,0,0,0,0,0,0,0,0,0,0,0,0
data/external/actions/stanford40/running/running_043.jpg,folder_actions,0,0,0,0,0,0,1,0,0,0,0,0,0,0,0,0,0,0,0,0
data/external/actions/stanford40/running/running_044.jpg,folder_actions,0,0,0,0,0,0,1,0,0,0,0,0,0,0,0,0,0,0,0,0
data/external/actions/stanford40/running/running_045.jpg,folder_actions,0,0,0,0,0,0,1,0,0,0,0,0,0,0,0,0,0,0,0,0
data/external/actions/stanford40/running/running_046.jpg,folder_actions,0,0,0,0,0,0,1,0,0,0,0,0,0,0,0,0,0,0,0,0
data/external/actions/stanford40/running/running_047.jpg,folder_actions,0,0,0,0,0,0,1,0,0,0,0,0,0,0,0,0,0,0,0,0
data/external/actions/stanford40/running/running_048.jpg,folder_actions,0,0,0,0,0,0,1,0,0,0,0,0,0,0,0,0,0,0,0,0
data/external/actions/stanford40/running/running_049.jpg,folder_actions,0,0,0,0,0,0,1,0,0,0,0,0,0,0,0,0,0,0,0,0
data/external/actions/stanford40/running/running_050.jpg,folder_actions,0,0,0,0,0,0,1,0,0,0,0,0,0,0,0,0,0,0,0,0
data/external/actions/stanford40/running/running_051.jpg,folder_actions,0,0,0,0,0,0,1,0,0,0,0,0,0,0,0,0,0,0,0,0
data/external/actions/stanford40/running/running_052.jpg,folder_actions,0,0,0,0,0,0,1,0,0,0,0,0,0,0,0,0,0,0,0,0
data/external/actions/stanford40/running/running_053.jpg,folder_actions,0,0,0,0,0,0,1,0,0,0,0,0,0,0,0,0,0,0,0,0
data/external/actions/stanford40/running/running_054.jpg,folder_actions,0,0,0,0,0,0,1,0,0,0,0,0,0,0,0,0,0,0,0,0
data/external/actions/stanford40/running/running_055.jpg,folder_actions,0,0,0,0,0,0,1,0,0,0,0,0,0,0,0,0,0,0,0,0
data/external/actions/stanford40/running/running_056.jpg,folder_actions,0,0,0,0,0,0,1,0,0,0,0,0,0,0,0,0,0,0,0,0
data/external/actions/stanford40/running/running_057.jpg,folder_actions,0,0,0,0,0,0,1,0,0,0,0,0,0,0,0,0,0,0,0,0
data/external/actions/stanford40/running/running_058.jpg,folder_actions,0,0,0,0,0,0,1,0,0,0,0,0,0,0,0,0,0,0,0,0
data/external/actions/stanford40/running/running_059.jpg,folder_actions,0,0,0,0,0,0,1,0,0,0,0,0,0,0,0,0,0,0,0,0
data/external/actions/stanford40/running/running_060.jpg,folder_actions,0,0,0,0,0,0,1,0,0,0,0,0,0,0,0,0,0,0,0,0
data/external/actions/stanford40/running/running_061.jpg,folder_actions,0,0,0,0,0,0,1,0,0,0,0,0,0,0,0,0,0,0,0,0
data/external/actions/stanford40/running/running_062.jpg,folder_actions,0,0,0,0,0,0,1,0,0,0,0,0,0,0,0,0,0,0,0,0
data/external/actions/stanford40/running/running_063.jpg,folder_actions,0,0,0,0,0,0,1,0,0,0,0,0,0,0,0,0,0,0,0,0
data/external/actions/stanford40/running/running_064.jpg,folder_actions,0,0,0,0,0,0,1,0,0,0,0,0,0,0,0,0,0,0,0,0
data/external/actions/stanford40/running/running_065.jpg,folder_actions,0,0,0,0,0,0,1,0,0,0,0,0,0,0,0,0,0,0,0,0
data/external/actions/stanford40/running/running_066.jpg,folder_actions,0,0,0,0,0,0,1,0,0,0,0,0,0,0,0,0,0,0,0,0
data/external/actions/stanford40/running/running_067.jpg,folder_actions,0,0,0,0,0,0,1,0,0,0,0,0,0,0,0,0,0,0,0,0
data/external/actions/stanford40/running/running_068.jpg,folder_actions,0,0,0,0,0,0,1,0,0,0,0,0,0,0,0,0,0,0,0,0
data/external/actions/stanford40/running/running_069.jpg,folder_actions,0,0,0,0,0,0,1,0,0,0,0,0,0,0,0,0,0,0,0,0
data/external/actions/stanford40/running/running_070.jpg,folder_actions,0,0,0,0,0,0,1,0,0,0,0,0,0,0,0,0,0,0,0,0
data/external/actions/stanford40/running/running_071.jpg,folder_actions,0,0,0,0,0,0,1,0,0,0,0,0,0,0,0,0,0,0,0,0
data/external/actions/stanford40/running/running_072.jpg,folder_actions,0,0,0,0,0,0,1,0,0,0,0,0,0,0,0,0,0,0,0,0
data/external/actions/stanford40/running/running_073.jpg,folder_actions,0,0,0,0,0,0,1,0,0,0,0,0,0,0,0,0,0,0,0,0
data/external/actions/stanford40/running/running_074.jpg,folder_actions,0,0,0,0,0,0,1,0,0,0,0,0,0,0,0,0,0,0,0,0
data/external/actions/stanford40/running/running_075.jpg,folder_actions,0,0,0,0,0,0,1,0,0,0,0,0,0,0,0,0,0,0,0,0
data/external/actions/stanford40/running/running_076.jpg,folder_actions,0,0,0,0,0,0,1,0,0,0,0,0,0,0,0,0,0,0,0,0
data/external/actions/stanford40/running/running_077.jpg,folder_actions,0,0,0,0,0,0,1,0,0,0,0,0,0,0,0,0,0,0,0,0
data/external/actions/stanford40/running/running_078.jpg,folder_actions,0,0,0,0,0,0,1,0,0,0,0,0,0,0,0,0,0,0,0,0
data/external/actions/stanford40/running/running_079.jpg,folder_actions,0,0,0,0,0,0,1,0,0,0,0,0,0,0,0,0,0,0,0,0
data/external/actions/stanford40/running/running_080.jpg,folder_actions,0,0,0,0,0,0,1,0,0,0,0,0,0,0,0,0,0,0,0,0
data/external/actions/stanford40/running/running_081.jpg,folder_actions,0,0,0,0,0,0,1,0,0,0,0,0,0,0,0,0,0,0,0,0
data/external/actions/stanford40/running/running_082.jpg,folder_actions,0,0,0,0,0,0,1,0,0,0,0,0,0,0,0,0,0,0,0,0
data/external/actions/stanford40/running/running_083.jpg,folder_actions,0,0,0,0,0,0,1,0,0,0,0,0,0,0,0,0,0,0,0,0
data/external/actions/stanford40/running/running_084.jpg,folder_actions,0,0,0,0,0,0,1,0,0,0,0,0,0,0,0,0,0,0,0,0
data/external/actions/stanford40/running/running_085.jpg,folder_actions,0,0,0,0,0,0,1,0,0,0,0,0,0,0,0,0,0,0,0,0
data/external/actions/stanford40/running/running_086.jpg,folder_actions,0,0,0,0,0,0,1,0,0,0,0,0,0,0,0,0,0,0,0,0
data/external/actions/stanford40/running/running_087.jpg,folder_actions,0,0,0,0,0,0,1,0,0,0,0,0,0,0,0,0,0,0,0,0
data/external/actions/stanford40/running/running_088.jpg,folder_actions,0,0,0,0,0,0,1,0,0,0,0,0,0,0,0,0,0,0,0,0
data/external/actions/stanford40/running/running_089.jpg,folder_actions,0,0,0,0,0,0,1,0,0,0,0,0,0,0,0,0,0,0,0,0
data/external/actions/stanford40/running/running_090.jpg,folder_actions,0,0,0,0,0,0,1,0,0,0,0,0,0,0,0,0,0,0,0,0
data/external/actions/stanford40/running/running_091.jpg,folder_actions,0,0,0,0,0,0,1,0,0,0,0,0,0,0,0,0,0,0,0,0
data/external/actions/stanford40/running/running_092.jpg,folder_actions,0,0,0,0,0,0,1,0,0,0,0,0,0,0,0,0,0,0,0,0
data/external/actions/stanford40/running/running_093.jpg,folder_actions,0,0,0,0,0,0,1,0,0,0,0,0,0,0,0,0,0,0,0,0
data/external/actions/stanford40/running/running_094.jpg,folder_actions,0,0,0,0,0,0,1,0,0,0,0,0,0,0,0,0,0,0,0,0
data/external/actions/stanford40/running/running_095.jpg,folder_actions,0,0,0,0,0,0,1,0,0,0,0,0,0,0,0,0,0,0,0,0
data/external/actions/stanford40/running/running_096.jpg,folder_actions,0,0,0,0,0,0,1,0,0,0,0,0,0,0,0,0,0,0,0,0
data/external/actions/stanford40/running/running_097.jpg,folder_actions,0,0,0,0,0,0,1,0,0,0,0,0,0,0,0,0,0,0,0,0
data/external/actions/stanford40/running/running_098.jpg,folder_actions,0,0,0,0,0,0,1,0,0,0,0,0,0,0,0,0,0,0,0,0
data/external/actions/stanford40/running/running_099.jpg,folder_actions,0,0,0,0,0,0,1,0,0,0,0,0,0,0,0,0,0,0,0,0
data/external/actions/stanford40/running/running_100.jpg,folder_actions,0,0,0,0,0,0,1,0,0,0,0,0,0,0,0,0,0,0,0,0
data/external/actions/stanford40/running/running_101.jpg,folder_actions,0,0,0,0,0,0,1,0,0,0,0,0,0,0,0,0,0,0,0,0
data/external/actions/stanford40/running/running_102.jpg,folder_actions,0,0,0,0,0,0,1,0,0,0,0,0,0,0,0,0,0,0,0,0
data/external/actions/stanford40/running/running_103.jpg,folder_actions,0,0,0,0,0,0,1,0,0,0,0,0,0,0,0,0,0,0,0,0
data/external/actions/stanford40/running/running_104.jpg,folder_actions,0,0,0,0,0,0,1,0,0,0,0,0,0,0,0,0,0,0,0,0
data/external/actions/stanford40/running/running_105.jpg,folder_actions,0,0,0,0,0,0,1,0,0,0,0,0,0,0,0,0,0,0,0,0
data/external/actions/stanford40/running/running_106.jpg,folder_actions,0,0,0,0,0,0,1,0,0,0,0,0,0,0,0,0,0,0,0,0
data/external/actions/stanford40/running/running_107.jpg,folder_actions,0,0,0,0,0,0,1,0,0,0,0,0,0,0,0,0,0,0,0,0
data/external/actions/stanford40/running/running_108.jpg,folder_actions,0,0,0,0,0,0,1,0,0,0,0,0,0,0,0,0,0,0,0,0
data/external/actions/stanford40/running/running_109.jpg,folder_actions,0,0,0,0,0,0,1,0,0,0,0,0,0,0,0,0,0,0,0,0
data/external/actions/stanford40/running/running_110.jpg,folder_actions,0,0,0,0,0,0,1,0,0,0,0,0,0,0,0,0,0,0,0,0
data/external/actions/stanford40/running/running_111.jpg,folder_actions,0,0,0,0,0,0,1,0,0,0,0,0,0,0,0,0,0,0,0,0
data/external/actions/stanford40/running/running_112.jpg,folder_actions,0,0,0,0,0,0,1,0,0,0,0,0,0,0,0,0,0,0,0,0
data/external/actions/stanford40/running/running_113.jpg,folder_actions,0,0,0,0,0,0,1,0,0,0,0,0,0,0,0,0,0,0,0,0
data/external/actions/stanford40/running/running_114.jpg,folder_actions,0,0,0,0,0,0,1,0,0,0,0,0,0,0,0,0,0,0,0,0
data/external/actions/stanford40/running/running_115.jpg,folder_actions,0,0,0,0,0,0,1,0,0,0,0,0,0,0,0,0,0,0,0,0
data/external/actions/stanford40/running/running_116.jpg,folder_actions,0,0,0,0,0,0,1,0,0,0,0,0,0,0,0,0,0,0,0,0
data/external/actions/stanford40/running/running_117.jpg,folder_actions,0,0,0,0,0,0,1,0,0,0,0,0,0,0,0,0,0,0,0,0
data/external/actions/stanford40/running/running_118.jpg,folder_actions,0,0,0,0,0,0,1,0,0,0,0,0,0,0,0,0,0,0,0,0
data/external/actions/stanford40/running/running_119.jpg,folder_actions,0,0,0,0,0,0,1,0,0,0,0,0,0,0,0,0,0,0,0,0
data/external/actions/stanford40/running/running_120.jpg,folder_actions,0,0,0,0,0,0,1,0,0,0,0,0,0,0,0,0,0,0,0,0
data/external/actions/stanford40/running/running_121.jpg,folder_actions,0,0,0,0,0,0,1,0,0,0,0,0,0,0,0,0,0,0,0,0
data/external/actions/stanford40/running/running_122.jpg,folder_actions,0,0,0,0,0,0,1,0,0,0,0,0,0,0,0,0,0,0,0,0
data/external/actions/stanford40/running/running_123.jpg,folder_actions,0,0,0,0,0,0,1,0,0,0,0,0,0,0,0,0,0,0,0,0
data/external/actions/stanford40/running/running_124.jpg,folder_actions,0,0,0,0,0,0,1,0,0,0,0,0,0,0,0,0,0,0,0,0
data/external/actions/stanford40/running/running_125.jpg,folder_actions,0,0,0,0,0,0,1,0,0,0,0,0,0,0,0,0,0,0,0,0
data/external/actions/stanford40/running/running_126.jpg,folder_actions,0,0,0,0,0,0,1,0,0,0,0,0,0,0,0,0,0,0,0,0
data/external/actions/stanford40/running/running_127.jpg,folder_actions,0,0,0,0,0,0,1,0,0,0,0,0,0,0,0,0,0,0,0,0
data/external/actions/stanford40/running/running_128.jpg,folder_actions,0,0,0,0,0,0,1,0,0,0,0,0,0,0,0,0,0,0,0,0
data/external/actions/stanford40/running/running_129.jpg,folder_actions,0,0,0,0,0,0,1,0,0,0,0,0,0,0,0,0,0,0,0,0
data/external/actions/stanford40/running/running_130.jpg,folder_actions,0,0,0,0,0,0,1,0,0,0,0,0,0,0,0,0,0,0,0,0
data/external/actions/stanford40/running/running_131.jpg,folder_actions,0,0,0,0,0,0,1,0,0,0,0,0,0,0,0,0,0,0,0,0
data/external/actions/stanford40/running/running_132.jpg,folder_actions,0,0,0,0,0,0,1,0,0,0,0,0,0,0,0,0,0,0,0,0
data/external/actions/stanford40/running/running_133.jpg,folder_actions,0,0,0,0,0,0,1,0,0,0,0,0,0,0,0,0,0,0,0,0
data/external/actions/stanford40/running/running_134.jpg,folder_actions,0,0,0,0,0,0,1,0,0,0,0,0,0,0,0,0,0,0,0,0
data/external/actions/stanford40/running/running_135.jpg,folder_actions,0,0,0,0,0,0,1,0,0,0,0,0,0,0,0,0,0,0,0,0
data/external/actions/stanford40/running/running_136.jpg,folder_actions,0,0,0,0,0,0,1,0,0,0,0,0,0,0,0,0,0,0,0,0
data/external/actions/stanford40/running/running_137.jpg,folder_actions,0,0,0,0,0,0,1,0,0,0,0,0,0,0,0,0,0,0,0,0
data/external/actions/stanford40/running/running_138.jpg,folder_actions,0,0,0,0,0,0,1,0,0,0,0,0,0,0,0,0,0,0,0,0
data/external/actions/stanford40/running/running_139.jpg,folder_actions,0,0,0,0,0,0,1,0,0,0,0,0,0,0,0,0,0,0,0,0
data/external/actions/stanford40/running/running_140.jpg,folder_actions,0,0,0,0,0,0,1,0,0,0,0,0,0,0,0,0,0,0,0,0
data/external/actions/stanford40/running/running_141.jpg,folder_actions,0,0,0,0,0,0,1,0,0,0,0,0,0,0,0,0,0,0,0,0
data/external/actions/stanford40/running/running_142.jpg,folder_actions,0,0,0,0,0,0,1,0,0,0,0,0,0,0,0,0,0,0,0,0
data/external/actions/stanford40/running/running_143.jpg,folder_actions,0,0,0,0,0,0,1,0,0,0,0,0,0,0,0,0,0,0,0,0
data/external/actions/stanford40/running/running_144.jpg,folder_actions,0,0,0,0,0,0,1,0,0,0,0,0,0,0,0,0,0,0,0,0
data/external/actions/stanford40/running/running_145.jpg,folder_actions,0,0,0,0,0,0,1,0,0,0,0,0,0,0,0,0,0,0,0,0
data/external/actions/stanford40/running/running_146.jpg,folder_actions,0,0,0,0,0,0,1,0,0,0,0,0,0,0,0,0,0,0,0,0
data/external/actions/stanford40/running/running_147.jpg,folder_actions,0,0,0,0,0,0,1,0,0,0,0,0,0,0,0,0,0,0,0,0
data/external/actions/stanford40/running/running_148.jpg,folder_actions,0,0,0,0,0,0,1,0,0,0,0,0,0,0,0,0,0,0,0,0
data/external/actions/stanford40/running/running_149.jpg,folder_actions,0,0,0,0,0,0,1,0,0,0,0,0,0,0,0,0,0,0,0,0
data/external/actions/stanford40/running/running_150.jpg,folder_actions,0,0,0,0,0,0,1,0,0,0,0,0,0,0,0,0,0,0,0,0
data/external/actions/stanford40/running/running_151.jpg,folder_actions,0,0,0,0,0,0,1,0,0,0,0,0,0,0,0,0,0,0,0,0
data/external/actions/stanford40/running/running_152.jpg,folder_actions,0,0,0,0,0,0,1,0,0,0,0,0,0,0,0,0,0,0,0,0
data/external/actions/stanford40/running/running_153.jpg,folder_actions,0,0,0,0,0,0,1,0,0,0,0,0,0,0,0,0,0,0,0,0
data/external/actions/stanford40/running/running_154.jpg,folder_actions,0,0,0,0,0,0,1,0,0,0,0,0,0,0,0,0,0,0,0,0
data/external/actions/stanford40/running/running_155.jpg,folder_actions,0,0,0,0,0,0,1,0,0,0,0,0,0,0,0,0,0,0,0,0
data/external/actions/stanford40/running/running_156.jpg,folder_actions,0,0,0,0,0,0,1,0,0,0,0,0,0,0,0,0,0,0,0,0
data/external/actions/stanford40/running/running_157.jpg,folder_actions,0,0,0,0,0,0,1,0,0,0,0,0,0,0,0,0,0,0,0,0
data/external/actions/stanford40/running/running_158.jpg,folder_actions,0,0,0,0,0,0,1,0,0,0,0,0,0,0,0,0,0,0,0,0
data/external/actions/stanford40/running/running_159.jpg,folder_actions,0,0,0,0,0,0,1,0,0,0,0,0,0,0,0,0,0,0,0,0
data/external/actions/stanford40/running/running_160.jpg,folder_actions,0,0,0,0,0,0,1,0,0,0,0,0,0,0,0,0,0,0,0,0
data/external/actions/stanford40/running/running_161.jpg,folder_actions,0,0,0,0,0,0,1,0,0,0,0,0,0,0,0,0,0,0,0,0
data/external/actions/stanford40/running/running_162.jpg,folder_actions,0,0,0,0,0,0,1,0,0,0,0,0,0,0,0,0,0,0,0,0
data/external/actions/stanford40/running/running_163.jpg,folder_actions,0,0,0,0,0,0,1,0,0,0,0,0,0,0,0,0,0,0,0,0
data/external/actions/stanford40/running/running_164.jpg,folder_actions,0,0,0,0,0,0,1,0,0,0,0,0,0,0,0,0,0,0,0,0
data/external/actions/stanford40/running/running_165.jpg,folder_actions,0,0,0,0,0,0,1,0,0,0,0,0,0,0,0,0,0,0,0,0
data/external/actions/stanford40/running/running_166.jpg,folder_actions,0,0,0,0,0,0,1,0,0,0,0,0,0,0,0,0,0,0,0,0
data/external/actions/stanford40/running/running_167.jpg,folder_actions,0,0,0,0,0,0,1,0,0,0,0,0,0,0,0,0,0,0,0,0
data/external/actions/stanford40/running/running_168.jpg,folder_actions,0,0,0,0,0,0,1,0,0,0,0,0,0,0,0,0,0,0,0,0
data/external/actions/stanford40/running/running_169.jpg,folder_actions,0,0,0,0,0,0,1,0,0,0,0,0,0,0,0,0,0,0,0,0
data/external/actions/stanford40/running/running_170.jpg,folder_actions,0,0,0,0,0,0,1,0,0,0,0,0,0,0,0,0,0,0,0,0
data/external/actions/stanford40/running/running_171.jpg,folder_actions,0,0,0,0,0,0,1,0,0,0,0,0,0,0,0,0,0,0,0,0
data/external/actions/stanford40/running/running_172.jpg,folder_actions,0,0,0,0,0,0,1,0,0,0,0,0,0,0,0,0,0,0,0,0
data/external/actions/stanford40/running/running_173.jpg,folder_actions,0,0,0,0,0,0,1,0,0,0,0,0,0,0,0,0,0,0,0,0
data/external/actions/stanford40/running/running_174.jpg,folder_actions,0,0,0,0,0,0,1,0,0,0,0,0,0,0,0,0,0,0,0,0
data/external/actions/stanford40/running/running_175.jpg,folder_actions,0,0,0,0,0,0,1,0,0,0,0,0,0,0,0,0,0,0,0,0
data/external/actions/stanford40/running/running_176.jpg,folder_actions,0,0,0,0,0,0,1,0,0,0,0,0,0,0,0,0,0,0,0,0
data/external/actions/stanford40/running/running_177.jpg,folder_actions,0,0,0,0,0,0,1,0,0,0,0,0,0,0,0,0,0,0,0,0
data/external/actions/stanford40/running/running_178.jpg,folder_actions,0,0,0,0,0,0,1,0,0,0,0,0,0,0,0,0,0,0,0,0
data/external/actions/stanford40/running/running_179.jpg,folder_actions,0,0,0,0,0,0,1,0,0,0,0,0,0,0,0,0,0,0,0,0
data/external/actions/stanford40/running/running_180.jpg,folder_actions,0,0,0,0,0,0,1,0,0,0,0,0,0,0,0,0,0,0,0,0
data/external/actions/stanford40/running/running_181.jpg,folder_actions,0,0,0,0,0,0,1,0,0,0,0,0,0,0,0,0,0,0,0,0
data/external/actions/stanford40/running/running_182.jpg,folder_actions,0,0,0,0,0,0,1,0,0,0,0,0,0,0,0,0,0,0,0,0
data/external/actions/stanford40/running/running_183.jpg,folder_actions,0,0,0,0,0,0,1,0,0,0,0,0,0,0,0,0,0,0,0,0
data/external/actions/stanford40/running/running_184.jpg,folder_actions,0,0,0,0,0,0,1,0,0,0,0,0,0,0,0,0,0,0,0,0
data/external/actions/stanford40/running/running_185.jpg,folder_actions,0,0,0,0,0,0,1,0,0,0,0,0,0,0,0,0,0,0,0,0
data/external/actions/stanford40/running/running_186.jpg,folder_actions,0,0,0,0,0,0,1,0,0,0,0,0,0,0,0,0,0,0,0,0
data/external/actions/stanford40/running/running_187.jpg,folder_actions,0,0,0,0,0,0,1,0,0,0,0,0,0,0,0,0,0,0,0,0
data/external/actions/stanford40/running/running_188.jpg,folder_actions,0,0,0,0,0,0,1,0,0,0,0,0,0,0,0,0,0,0,0,0
data/external/actions/stanford40/running/running_189.jpg,folder_actions,0,0,0,0,0,0,1,0,0,0,0,0,0,0,0,0,0,0,0,0
data/external/actions/stanford40/running/running_190.jpg,folder_actions,0,0,0,0,0,0,1,0,0,0,0,0,0,0,0,0,0,0,0,0
data/external/actions/stanford40/running/running_191.jpg,folder_actions,0,0,0,0,0,0,1,0,0,0,0,0,0,0,0,0,0,0,0,0
data/external/actions/stanford40/running/running_192.jpg,folder_actions,0,0,0,0,0,0,1,0,0,0,0,0,0,0,0,0,0,0,0,0
data/external/actions/stanford40/running/running_193.jpg,folder_actions,0,0,0,0,0,0,1,0,0,0,0,0,0,0,0,0,0,0,0,0
data/external/actions/stanford40/running/running_194.jpg,folder_actions,0,0,0,0,0,0,1,0,0,0,0,0,0,0,0,0,0,0,0,0
data/external/actions/stanford40/running/running_195.jpg,folder_actions,0,0,0,0,0,0,1,0,0,0,0,0,0,0,0,0,0,0,0,0
data/external/actions/stanford40/running/running_196.jpg,folder_actions,0,0,0,0,0,0,1,0,0,0,0,0,0,0,0,0,0,0,0,0
data/external/actions/stanford40/running/running_197.jpg,folder_actions,0,0,0,0,0,0,1,0,0,0,0,0,0,0,0,0,0,0,0,0
data/external/actions/stanford40/running/running_198.jpg,folder_actions,0,0,0,0,0,0,1,0,0,0,0,0,0,0,0,0,0,0,0,0
data/external/actions/stanford40/running/running_199.jpg,folder_actions,0,0,0,0,0,0,1,0,0,0,0,0,0,0,0,0,0,0,0,0
data/external/actions/stanford40/running/running_200.jpg,folder_actions,0,0,0,0,0,0,1,0,0,0,0,0,0,0,0,0,0,0,0,0
data/external/actions/stanford40/running/running_201.jpg,folder_actions,0,0,0,0,0,0,1,0,0,0,0,0,0,0,0,0,0,0,0,0
data/external/actions/stanford40/running/running_202.jpg,folder_actions,0,0,0,0,0,0,1,0,0,0,0,0,0,0,0,0,0,0,0,0
data/external/actions/stanford40/running/running_203.jpg,folder_actions,0,0,0,0,0,0,1,0,0,0,0,0,0,0,0,0,0,0,0,0
data/external/actions/stanford40/running/running_204.jpg,folder_actions,0,0,0,0,0,0,1,0,0,0,0,0,0,0,0,0,0,0,0,0
data/external/actions/stanford40/running/running_205.jpg,folder_actions,0,0,0,0,0,0,1,0,0,0,0,0,0,0,0,0,0,0,0,0
data/external/actions/stanford40/running/running_206.jpg,folder_actions,0,0,0,0,0,0,1,0,0,0,0,0,0,0,0,0,0,0,0,0
data/external/actions/stanford40/running/running_207.jpg,folder_actions,0,0,0,0,0,0,1,0,0,0,0,0,0,0,0,0,0,0,0,0
data/external/actions/stanford40/running/running_208.jpg,folder_actions,0,0,0,0,0,0,1,0,0,0,0,0,0,0,0,0,0,0,0,0
data/external/actions/stanford40/running/running_209.jpg,folder_actions,0,0,0,0,0,0,1,0,0,0,0,0,0,0,0,0,0,0,0,0
data/external/actions/stanford40/running/running_210.jpg,folder_actions,0,0,0,0,0,0,1,0,0,0,0,0,0,0,0,0,0,0,0,0
data/external/actions/stanford40/running/running_211.jpg,folder_actions,0,0,0,0,0,0,1,0,0,0,0,0,0,0,0,0,0,0,0,0
data/external/actions/stanford40/running/running_212.jpg,folder_actions,0,0,0,0,0,0,1,0,0,0,0,0,0,0,0,0,0,0,0,0
data/external/actions/stanford40/running/running_213.jpg,folder_actions,0,0,0,0,0,0,1,0,0,0,0,0,0,0,0,0,0,0,0,0
data/external/actions/stanford40/running/running_214.jpg,folder_actions,0,0,0,0,0,0,1,0,0,0,0,0,0,0,0,0,0,0,0,0
data/external/actions/stanford40/running/running_215.jpg,folder_actions,0,0,0,0,0,0,1,0,0,0,0,0,0,0,0,0,0,0,0,0
data/external/actions/stanford40/running/running_216.jpg,folder_actions,0,0,0,0,0,0,1,0,0,0,0,0,0,0,0,0,0,0,0,0
data/external/actions/stanford40/running/running_217.jpg,folder_actions,0,0,0,0,0,0,1,0,0,0,0,0,0,0,0,0,0,0,0,0
data/external/actions/stanford40/running/running_218.jpg,folder_actions,0,0,0,0,0,0,1,0,0,0,0,0,0,0,0,0,0,0,0,0
data/external/actions/stanford40/running/running_219.jpg,folder_actions,0,0,0,0,0,0,1,0,0,0,0,0,0,0,0,0,0,0,0,0
data/external/actions/stanford40/running/running_220.jpg,folder_actions,0,0,0,0,0,0,1,0,0,0,0,0,0,0,0,0,0,0,0,0
data/external/actions/stanford40/running/running_221.jpg,folder_actions,0,0,0,0,0,0,1,0,0,0,0,0,0,0,0,0,0,0,0,0
data/external/actions/stanford40/running/running_222.jpg,folder_actions,0,0,0,0,0,0,1,0,0,0,0,0,0,0,0,0,0,0,0,0
data/external/actions/stanford40/running/running_223.jpg,folder_actions,0,0,0,0,0,0,1,0,0,0,0,0,0,0,0,0,0,0,0,0
data/external/actions/stanford40/running/running_224.jpg,folder_actions,0,0,0,0,0,0,1,0,0,0,0,0,0,0,0,0,0,0,0,0
data/external/actions/stanford40/running/running_225.jpg,folder_actions,0,0,0,0,0,0,1,0,0,0,0,0,0,0,0,0,0,0,0,0
data/external/actions/stanford40/running/running_226.jpg,folder_actions,0,0,0,0,0,0,1,0,0,0,0,0,0,0,0,0,0,0,0,0
data/external/actions/stanford40/running/running_227.jpg,folder_actions,0,0,0,0,0,0,1,0,0,0,0,0,0,0,0,0,0,0,0,0
data/external/actions/stanford40/running/running_228.jpg,folder_actions,0,0,0,0,0,0,1,0,0,0,0,0,0,0,0,0,0,0,0,0
data/external/actions/stanford40/running/running_229.jpg,folder_actions,0,0,0,0,0,0,1,0,0,0,0,0,0,0,0,0,0,0,0,0
data/external/actions/stanford40/running/running_230.jpg,folder_actions,0,0,0,0,0,0,1,0,0,0,0,0,0,0,0,0,0,0,0,0
data/external/actions/stanford40/running/running_231.jpg,folder_actions,0,0,0,0,0,0,1,0,0,0,0,0,0,0,0,0,0,0,0,0
data/external/actions/stanford40/running/running_232.jpg,folder_actions,0,0,0,0,0,0,1,0,0,0,0,0,0,0,0,0,0,0,0,0
data/external/actions/stanford40/running/running_233.jpg,folder_actions,0,0,0,0,0,0,1,0,0,0,0,0,0,0,0,0,0,0,0,0
data/external/actions/stanford40/running/running_234.jpg,folder_actions,0,0,0,0,0,0,1,0,0,0,0,0,0,0,0,0,0,0,0,0
data/external/actions/stanford40/running/running_235.jpg,folder_actions,0,0,0,0,0,0,1,0,0,0,0,0,0,0,0,0,0,0,0,0
data/external/actions/stanford40/running/running_236.jpg,folder_actions,0,0,0,0,0,0,1,0,0,0,0,0,0,0,0,0,0,0,0,0
data/external/actions/stanford40/running/running_237.jpg,folder_actions,0,0,0,0,0,0,1,0,0,0,0,0,0,0,0,0,0,0,0,0
data/external/actions/stanford40/running/running_238.jpg,folder_actions,0,0,0,0,0,0,1,0,0,0,0,0,0,0,0,0,0,0,0,0
data/external/actions/stanford40/running/running_239.jpg,folder_actions,0,0,0,0,0,0,1,0,0,0,0,0,0,0,0,0,0,0,0,0
data/external/actions/stanford40/running/running_240.jpg,folder_actions,0,0,0,0,0,0,1,0,0,0,0,0,0,0,0,0,0,0,0,0
data/external/actions/stanford40/running/running_241.jpg,folder_actions,0,0,0,0,0,0,1,0,0,0,0,0,0,0,0,0,0,0,0,0
data/external/actions/stanford40/running/running_242.jpg,folder_actions,0,0,0,0,0,0,1,0,0,0,0,0,0,0,0,0,0,0,0,0
data/external/actions/stanford40/running/running_243.jpg,folder_actions,0,0,0,0,0,0,1,0,0,0,0,0,0,0,0,0,0,0,0,0
data/external/actions/stanford40/running/running_244.jpg,folder_actions,0,0,0,0,0,0,1,0,0,0,0,0,0,0,0,0,0,0,0,0
data/external/actions/stanford40/running/running_245.jpg,folder_actions,0,0,0,0,0,0,1,0,0,0,0,0,0,0,0,0,0,0,0,0
data/external/actions/stanford40/running/running_246.jpg,folder_actions,0,0,0,0,0,0,1,0,0,0,0,0,0,0,0,0,0,0,0,0
data/external/actions/stanford40/running/running_247.jpg,folder_actions,0,0,0,0,0,0,1,0,0,0,0,0,0,0,0,0,0,0,0,0
data/external/actions/stanford40/running/running_248.jpg,folder_actions,0,0,0,0,0,0,1,0,0,0,0,0,0,0,0,0,0,0,0,0
data/external/actions/stanford40/running/running_249.jpg,folder_actions,0,0,0,0,0,0,1,0,0,0,0,0,0,0,0,0,0,0,0,0
data/external/actions/stanford40/running/running_250.jpg,folder_actions,0,0,0,0,0,0,1,0,0,0,0,0,0,0,0,0,0,0,0,0
data/external/actions/stanford40/running/running_251.jpg,folder_actions,0,0,0,0,0,0,1,0,0,0,0,0,0,0,0,0,0,0,0,0
