frame_path,source_dataset,source_label,standing,sitting,lying_down,crouching,arms_raised,walking,running,jumping,cycling,driving,dancing,playing,working,eating,drinking,exercising,still,moving,fast_motion,falling
data/external/actions/human_action_recognition_debug/000000_sitting.jpg,Bingsu/Human_Action_Recognition,sitting,0,1,0,0,0,0,0,0,0,0,0,0,0,0,0,0,1,0,0,0
data/external/actions/human_action_recognition_debug/000003_sleeping.jpg,Bingsu/Human_Action_Recognition,sleeping,0,0,1,0,0,0,0,0,0,0,0,0,0,0,0,0,1,0,0,0
data/external/actions/human_action_recognition_debug/000005_sleeping.jpg,Bingsu/Human_Action_Recognition,sleeping,0,0,1,0,0,0,0,0,0,0,0,0,0,0,0,0,1,0,0,0
data/external/actions/human_action_recognition_debug/000006_drinking.jpg,Bingsu/Human_Action_Recognition,drinking,0,0,0,0,0,0,0,0,0,0,0,0,0,0,1,0,0,0,0,0
data/external/actions/human_action_recognition_debug/000009_dancing.jpg,Bingsu/Human_Action_Recognition,dancing,0,0,0,0,0,0,0,0,0,0,1,0,0,0,0,0,0,1,0,0
data/external/actions/human_action_recognition_debug/000010_cycling.jpg,Bingsu/Human_Action_Recognition,cycling,0,0,0,0,0,0,0,0,1,0,0,0,0,0,0,0,0,1,0,0
data/external/actions/human_action_recognition_debug/000011_drinking.jpg,Bingsu/Human_Action_Recognition,drinking,0,0,0,0,0,0,0,0,0,0,0,0,0,0,1,0,0,0,0,0
data/external/actions/human_action_recognition_debug/000014_sleeping.jpg,Bingsu/Human_Action_Recognition,sleeping,0,0,1,0,0,0,0,0,0,0,0,0,0,0,0,0,1,0,0,0
data/external/actions/human_action_recognition_debug/000015_drinking.jpg,Bingsu/Human_Action_Recognition,drinking,0,0,0,0,0,0,0,0,0,0,0,0,0,0,1,0,0,0,0,0
data/external/actions/human_action_recognition_debug/000021_eating.jpg,Bingsu/Human_Action_Recognition,eating,0,0,0,0,0,0,0,0,0,0,0,0,0,1,0,0,0,0,0,0
data/external/actions/human_action_recognition_debug/000024_dancing.jpg,Bingsu/Human_Action_Recognition,dancing,0,0,0,0,0,0,0,0,0,0,1,0,0,0,0,0,0,1,0,0
data/external/actions/human_action_recognition_debug/000025_drinking.jpg,Bingsu/Human_Action_Recognition,drinking,0,0,0,0,0,0,0,0,0,0,0,0,0,0,1,0,0,0,0,0
data/external/actions/human_action_recognition_debug/000026_cycling.jpg,Bingsu/Human_Action_Recognition,cycling,0,0,0,0,0,0,0,0,1,0,0,0,0,0,0,0,0,1,0,0
data/external/actions/human_action_recognition_debug/000028_drinking.jpg,Bingsu/Human_Action_Recognition,drinking,0,0,0,0,0,0,0,0,0,0,0,0,0,0,1,0,0,0,0,0
data/external/actions/human_action_recognition_debug/000029_dancing.jpg,Bingsu/Human_Action_Recognition,dancing,0,0,0,0,0,0,0,0,0,0,1,0,0,0,0,0,0,1,0,0
data/external/actions/human_action_recognition_debug/000031_cycling.jpg,Bingsu/Human_Action_Recognition,cycling,0,0,0,0,0,0,0,0,1,0,0,0,0,0,0,0,0,1,0,0
data/external/actions/human_action_recognition_debug/000032_sitting.jpg,Bingsu/Human_Action_Recognition,sitting,0,1,0,0,0,0,0,0,0,0,0,0,0,0,0,0,1,0,0,0
data/external/actions/human_action_recognition_debug/000033_sitting.jpg,Bingsu/Human_Action_Recognition,sitting,0,1,0,0,0,0,0,0,0,0,0,0,0,0,0,0,1,0,0,0
data/external/actions/human_action_recognition_debug/000034_sleeping.jpg,Bingsu/Human_Action_Recognition,sleeping,0,0,1,0,0,0,0,0,0,0,0,0,0,0,0,0,1,0,0,0
data/external/actions/human_action_recognition_debug/000035_eating.jpg,Bingsu/Human_Action_Recognition,eating,0,0,0,0,0,0,0,0,0,0,0,0,0,1,0,0,0,0,0,0
data/external/actions/human_action_recognition_debug/000036_running.jpg,Bingsu/Human_Action_Recognition,running,0,0,0,0,0,0,1,0,0,0,0,0,0,0,0,0,0,1,1,0
data/external/actions/human_action_recognition_debug/000037_running.jpg,Bingsu/Human_Action_Recognition,running,0,0,0,0,0,0,1,0,0,0,0,0,0,0,0,0,0,1,1,0
data/external/actions/human_action_recognition_debug/000043_cycling.jpg,Bingsu/Human_Action_Recognition,cycling,0,0,0,0,0,0,0,0,1,0,0,0,0,0,0,0,0,1,0,0
data/external/actions/human_action_recognition_debug/000044_sleeping.jpg,Bingsu/Human_Action_Recognition,sleeping,0,0,1,0,0,0,0,0,0,0,0,0,0,0,0,0,1,0,0,0
data/external/actions/human_action_recognition_debug/000047_sleeping.jpg,Bingsu/Human_Action_Recognition,sleeping,0,0,1,0,0,0,0,0,0,0,0,0,0,0,0,0,1,0,0,0
data/external/actions/human_action_recognition_debug/000049_running.jpg,Bingsu/Human_Action_Recognition,running,0,0,0,0,0,0,1,0,0,0,0,0,0,0,0,0,0,1,1,0
data/external/actions/human_action_recognition_debug/000053_drinking.jpg,Bingsu/Human_Action_Recognition,drinking,0,0,0,0,0,0,0,0,0,0,0,0,0,0,1,0,0,0,0,0
data/external/actions/human_action_recognition_debug/000055_cycling.jpg,Bingsu/Human_Action_Recognition,cycling,0,0,0,0,0,0,0,0,1,0,0,0,0,0,0,0,0,1,0,0
data/external/actions/human_action_recognition_debug/000061_sitting.jpg,Bingsu/Human_Action_Recognition,sitting,0,1,0,0,0,0,0,0,0,0,0,0,0,0,0,0,1,0,0,0
data/external/actions/human_action_recognition_debug/000064_sleeping.jpg,Bingsu/Human_Action_Recognition,sleeping,0,0,1,0,0,0,0,0,0,0,0,0,0,0,0,0,1,0,0,0
data/external/actions/human_action_recognition_debug/000066_cycling.jpg,Bingsu/Human_Action_Recognition,cycling,0,0,0,0,0,0,0,0,1,0,0,0,0,0,0,0,0,1,0,0
data/external/actions/human_action_recognition_debug/000070_eating.jpg,Bingsu/Human_Action_Recognition,eating,0,0,0,0,0,0,0,0,0,0,0,0,0,1,0,0,0,0,0,0
data/external/actions/human_action_recognition_debug/000071_cycling.jpg,Bingsu/Human_Action_Recognition,cycling,0,0,0,0,0,0,0,0,1,0,0,0,0,0,0,0,0,1,0,0
data/external/actions/human_action_recognition_debug/000072_drinking.jpg,Bingsu/Human_Action_Recognition,drinking,0,0,0,0,0,0,0,0,0,0,0,0,0,0,1,0,0,0,0,0
data/external/actions/human_action_recognition_debug/000074_running.jpg,Bingsu/Human_Action_Recognition,running,0,0,0,0,0,0,1,0,0,0,0,0,0,0,0,0,0,1,1,0
data/external/actions/human_action_recognition_debug/000075_drinking.jpg,Bingsu/Human_Action_Recognition,drinking,0,0,0,0,0,0,0,0,0,0,0,0,0,0,1,0,0,0,0,0
data/external/actions/human_action_recognition_debug/000077_sitting.jpg,Bingsu/Human_Action_Recognition,sitting,0,1,0,0,0,0,0,0,0,0,0,0,0,0,0,0,1,0,0,0
data/external/actions/human_action_recognition_debug/000080_eating.jpg,Bingsu/Human_Action_Recognition,eating,0,0,0,0,0,0,0,0,0,0,0,0,0,1,0,0,0,0,0,0
data/external/actions/human_action_recognition_debug/000081_sleeping.jpg,Bingsu/Human_Action_Recognition,sleeping,0,0,1,0,0,0,0,0,0,0,0,0,0,0,0,0,1,0,0,0
data/external/actions/human_action_recognition_debug/000084_running.jpg,Bingsu/Human_Action_Recognition,running,0,0,0,0,0,0,1,0,0,0,0,0,0,0,0,0,0,1,1,0
data/external/actions/human_action_recognition_debug/000090_dancing.jpg,Bingsu/Human_Action_Recognition,dancing,0,0,0,0,0,0,0,0,0,0,1,0,0,0,0,0,0,1,0,0
data/external/actions/human_action_recognition_debug/000092_cycling.jpg,Bingsu/Human_Action_Recognition,cycling,0,0,0,0,0,0,0,0,1,0,0,0,0,0,0,0,0,1,0,0
data/external/actions/human_action_recognition_debug/000096_dancing.jpg,Bingsu/Human_Action_Recognition,dancing,0,0,0,0,0,0,0,0,0,0,1,0,0,0,0,0,0,1,0,0
data/external/actions/human_action_recognition_debug/000097_drinking.jpg,Bingsu/Human_Action_Recognition,drinking,0,0,0,0,0,0,0,0,0,0,0,0,0,0,1,0,0,0,0,0
data/external/actions/human_action_recognition_debug/000105_drinking.jpg,Bingsu/Human_Action_Recognition,drinking,0,0,0,0,0,0,0,0,0,0,0,0,0,0,1,0,0,0,0,0
data/external/actions/human_action_recognition_debug/000106_running.jpg,Bingsu/Human_Action_Recognition,running,0,0,0,0,0,0,1,0,0,0,0,0,0,0,0,0,0,1,1,0
data/external/actions/human_action_recognition_debug/000107_eating.jpg,Bingsu/Human_Action_Recognition,eating,0,0,0,0,0,0,0,0,0,0,0,0,0,1,0,0,0,0,0,0
data/external/actions/human_action_recognition_debug/000108_sleeping.jpg,Bingsu/Human_Action_Recognition,sleeping,0,0,1,0,0,0,0,0,0,0,0,0,0,0,0,0,1,0,0,0
data/external/actions/human_action_recognition_debug/000112_cycling.jpg,Bingsu/Human_Action_Recognition,cycling,0,0,0,0,0,0,0,0,1,0,0,0,0,0,0,0,0,1,0,0
data/external/actions/human_action_recognition_debug/000113_running.jpg,Bingsu/Human_Action_Recognition,running,0,0,0,0,0,0,1,0,0,0,0,0,0,0,0,0,0,1,1,0
data/external/actions/human_action_recognition_debug/000115_sleeping.jpg,Bingsu/Human_Action_Recognition,sleeping,0,0,1,0,0,0,0,0,0,0,0,0,0,0,0,0,1,0,0,0
data/external/actions/human_action_recognition_debug/000121_sleeping.jpg,Bingsu/Human_Action_Recognition,sleeping,0,0,1,0,0,0,0,0,0,0,0,0,0,0,0,0,1,0,0,0
data/external/actions/human_action_recognition_debug/000123_sleeping.jpg,Bingsu/Human_Action_Recognition,sleeping,0,0,1,0,0,0,0,0,0,0,0,0,0,0,0,0,1,0,0,0
data/external/actions/human_action_recognition_debug/000124_dancing.jpg,Bingsu/Human_Action_Recognition,dancing,0,0,0,0,0,0,0,0,0,0,1,0,0,0,0,0,0,1,0,0
data/external/actions/human_action_recognition_debug/000126_dancing.jpg,Bingsu/Human_Action_Recognition,dancing,0,0,0,0,0,0,0,0,0,0,1,0,0,0,0,0,0,1,0,0
data/external/actions/human_action_recognition_debug/000127_eating.jpg,Bingsu/Human_Action_Recognition,eating,0,0,0,0,0,0,0,0,0,0,0,0,0,1,0,0,0,0,0,0
data/external/actions/human_action_recognition_debug/000128_eating.jpg,Bingsu/Human_Action_Recognition,eating,0,0,0,0,0,0,0,0,0,0,0,0,0,1,0,0,0,0,0,0
data/external/actions/human_action_recognition_debug/000129_sitting.jpg,Bingsu/Human_Action_Recognition,sitting,0,1,0,0,0,0,0,0,0,0,0,0,0,0,0,0,1,0,0,0
data/external/actions/human_action_recognition_debug/000130_cycling.jpg,Bingsu/Human_Action_Recognition,cycling,0,0,0,0,0,0,0,0,1,0,0,0,0,0,0,0,0,1,0,0
data/external/actions/human_action_recognition_debug/000131_dancing.jpg,Bingsu/Human_Action_Recognition,dancing,0,0,0,0,0,0,0,0,0,0,1,0,0,0,0,0,0,1,0,0
data/external/actions/human_action_recognition_debug/000132_eating.jpg,Bingsu/Human_Action_Recognition,eating,0,0,0,0,0,0,0,0,0,0,0,0,0,1,0,0,0,0,0,0
data/external/actions/human_action_recognition_debug/000136_cycling.jpg,Bingsu/Human_Action_Recognition,cycling,0,0,0,0,0,0,0,0,1,0,0,0,0,0,0,0,0,1,0,0
data/external/actions/human_action_recognition_debug/000138_drinking.jpg,Bingsu/Human_Action_Recognition,drinking,0,0,0,0,0,0,0,0,0,0,0,0,0,0,1,0,0,0,0,0
data/external/actions/human_action_recognition_debug/000139_dancing.jpg,Bingsu/Human_Action_Recognition,dancing,0,0,0,0,0,0,0,0,0,0,1,0,0,0,0,0,0,1,0,0
data/external/actions/human_action_recognition_debug/000141_drinking.jpg,Bingsu/Human_Action_Recognition,drinking,0,0,0,0,0,0,0,0,0,0,0,0,0,0,1,0,0,0,0,0
data/external/actions/human_action_recognition_debug/000145_sitting.jpg,Bingsu/Human_Action_Recognition,sitting,0,1,0,0,0,0,0,0,0,0,0,0,0,0,0,0,1,0,0,0
data/external/actions/human_action_recognition_debug/000152_drinking.jpg,Bingsu/Human_Action_Recognition,drinking,0,0,0,0,0,0,0,0,0,0,0,0,0,0,1,0,0,0,0,0
data/external/actions/human_action_recognition_debug/000156_sleeping.jpg,Bingsu/Human_Action_Recognition,sleeping,0,0,1,0,0,0,0,0,0,0,0,0,0,0,0,0,1,0,0,0
data/external/actions/human_action_recognition_debug/000158_sleeping.jpg,Bingsu/Human_Action_Recognition,sleeping,0,0,1,0,0,0,0,0,0,0,0,0,0,0,0,0,1,0,0,0
data/external/actions/human_action_recognition_debug/000159_drinking.jpg,Bingsu/Human_Action_Recognition,drinking,0,0,0,0,0,0,0,0,0,0,0,0,0,0,1,0,0,0,0,0
data/external/actions/human_action_recognition_debug/000161_sitting.jpg,Bingsu/Human_Action_Recognition,sitting,0,1,0,0,0,0,0,0,0,0,0,0,0,0,0,0,1,0,0,0
data/external/actions/human_action_recognition_debug/000163_drinking.jpg,Bingsu/Human_Action_Recognition,drinking,0,0,0,0,0,0,0,0,0,0,0,0,0,0,1,0,0,0,0,0
data/external/actions/human_action_recognition_debug/000164_eating.jpg,Bingsu/Human_Action_Recognition,eating,0,0,0,0,0,0,0,0,0,0,0,0,0,1,0,0,0,0,0,0
data/external/actions/human_action_recognition_debug/000169_running.jpg,Bingsu/Human_Action_Recognition,running,0,0,0,0,0,0,1,0,0,0,0,0,0,0,0,0,0,1,1,0
data/external/actions/human_action_recognition_debug/000171_cycling.jpg,Bingsu/Human_Action_Recognition,cycling,0,0,0,0,0,0,0,0,1,0,0,0,0,0,0,0,0,1,0,0
data/external/actions/human_action_recognition_debug/000173_sleeping.jpg,Bingsu/Human_Action_Recognition,sleeping,0,0,1,0,0,0,0,0,0,0,0,0,0,0,0,0,1,0,0,0
data/external/actions/human_action_recognition_debug/000175_eating.jpg,Bingsu/Human_Action_Recognition,eating,0,0,0,0,0,0,0,0,0,0,0,0,0,1,0,0,0,0,0,0
data/external/actions/human_action_recognition_debug/000176_sleeping.jpg,Bingsu/Human_Action_Recognition,sleeping,0,0,1,0,0,0,0,0,0,0,0,0,0,0,0,0,1,0,0,0
data/external/actions/human_action_recognition_debug/000177_cycling.jpg,Bingsu/Human_Action_Recognition,cycling,0,0,0,0,0,0,0,0,1,0,0,0,0,0,0,0,0,1,0,0
data/external/actions/human_action_recognition_debug/000178_sleeping.jpg,Bingsu/Human_Action_Recognition,sleeping,0,0,1,0,0,0,0,0,0,0,0,0,0,0,0,0,1,0,0,0
data/external/actions/human_action_recognition_debug/000181_sleeping.jpg,Bingsu/Human_Action_Recognition,sleeping,0,0,1,0,0,0,0,0,0,0,0,0,0,0,0,0,1,0,0,0
data/external/actions/human_action_recognition_debug/000182_running.jpg,Bingsu/Human_Action_Recognition,running,0,0,0,0,0,0,1,0,0,0,0,0,0,0,0,0,0,1,1,0
data/external/actions/human_action_recognition_debug/000183_dancing.jpg,Bingsu/Human_Action_Recognition,dancing,0,0,0,0,0,0,0,0,0,0,1,0,0,0,0,0,0,1,0,0
data/external/actions/human_action_recognition_debug/000185_running.jpg,Bingsu/Human_Action_Recognition,running,0,0,0,0,0,0,1,0,0,0,0,0,0,0,0,0,0,1,1,0
data/external/actions/human_action_recognition_debug/000187_sitting.jpg,Bingsu/Human_Action_Recognition,sitting,0,1,0,0,0,0,0,0,0,0,0,0,0,0,0,0,1,0,0,0
data/external/actions/human_action_recognition_debug/000193_dancing.jpg,Bingsu/Human_Action_Recognition,dancing,0,0,0,0,0,0,0,0,0,0,1,0,0,0,0,0,0,1,0,0
data/external/actions/human_action_recognition_debug/000194_sitting.jpg,Bingsu/Human_Action_Recognition,sitting,0,1,0,0,0,0,0,0,0,0,0,0,0,0,0,0,1,0,0,0
data/external/actions/human_action_recognition_debug/000195_eating.jpg,Bingsu/Human_Action_Recognition,eating,0,0,0,0,0,0,0,0,0,0,0,0,0,1,0,0,0,0,0,0
data/external/actions/human_action_recognition_debug/000196_sitting.jpg,Bingsu/Human_Action_Recognition,sitting,0,1,0,0,0,0,0,0,0,0,0,0,0,0,0,0,1,0,0,0
data/external/actions/human_action_recognition_debug/000197_drinking.jpg,Bingsu/Human_Action_Recognition,drinking,0,0,0,0,0,0,0,0,0,0,0,0,0,0,1,0,0,0,0,0
data/external/actions/human_action_recognition_debug/000198_drinking.jpg,Bingsu/Human_Action_Recognition,drinking,0,0,0,0,0,0,0,0,0,0,0,0,0,0,1,0,0,0,0,0
data/external/actions/human_action_recognition_debug/000200_sitting.jpg,Bingsu/Human_Action_Recognition,sitting,0,1,0,0,0,0,0,0,0,0,0,0,0,0,0,0,1,0,0,0
data/external/actions/human_action_recognition_debug/000201_eating.jpg,Bingsu/Human_Action_Recognition,eating,0,0,0,0,0,0,0,0,0,0,0,0,0,1,0,0,0,0,0,0
data/external/actions/human_action_recognition_debug/000206_drinking.jpg,Bingsu/Human_Action_Recognition,drinking,0,0,0,0,0,0,0,0,0,0,0,0,0,0,1,0,0,0,0,0
data/external/actions/human_action_recognition_debug/000207_eating.jpg,Bingsu/Human_Action_Recognition,eating,0,0,0,0,0,0,0,0,0,0,0,0,0,1,0,0,0,0,0,0
data/external/actions/human_action_recognition_debug/000208_eating.jpg,Bingsu/Human_Action_Recognition,eating,0,0,0,0,0,0,0,0,0,0,0,0,0,1,0,0,0,0,0,0
data/external/actions/human_action_recognition_debug/000210_sleeping.jpg,Bingsu/Human_Action_Recognition,sleeping,0,0,1,0,0,0,0,0,0,0,0,0,0,0,0,0,1,0,0,0
data/external/actions/human_action_recognition_debug/000212_dancing.jpg,Bingsu/Human_Action_Recognition,dancing,0,0,0,0,0,0,0,0,0,0,1,0,0,0,0,0,0,1,0,0
data/external/actions/human_action_recognition_debug/000213_running.jpg,Bingsu/Human_Action_Recognition,running,0,0,0,0,0,0,1,0,0,0,0,0,0,0,0,0,0,1,1,0
data/external/actions/human_action_recognition_debug/000217_running.jpg,Bingsu/Human_Action_Recognition,running,0,0,0,0,0,0,1,0,0,0,0,0,0,0,0,0,0,1,1,0
data/external/actions/human_action_recognition_debug/000218_drinking.jpg,Bingsu/Human_Action_Recognition,drinking,0,0,0,0,0,0,0,0,0,0,0,0,0,0,1,0,0,0,0,0
data/external/actions/human_action_recognition_debug/000220_cycling.jpg,Bingsu/Human_Action_Recognition,cycling,0,0,0,0,0,0,0,0,1,0,0,0,0,0,0,0,0,1,0,0
data/external/actions/human_action_recognition_debug/000221_sitting.jpg,Bingsu/Human_Action_Recognition,sitting,0,1,0,0,0,0,0,0,0,0,0,0,0,0,0,0,1,0,0,0
data/external/actions/human_action_recognition_debug/000222_eating.jpg,Bingsu/Human_Action_Recognition,eating,0,0,0,0,0,0,0,0,0,0,0,0,0,1,0,0,0,0,0,0
data/external/actions/human_action_recognition_debug/000223_running.jpg,Bingsu/Human_Action_Recognition,running,0,0,0,0,0,0,1,0,0,0,0,0,0,0,0,0,0,1,1,0
data/external/actions/human_action_recognition_debug/000227_running.jpg,Bingsu/Human_Action_Recognition,running,0,0,0,0,0,0,1,0,0,0,0,0,0,0,0,0,0,1,1,0
data/external/actions/human_action_recognition_debug/000232_running.jpg,Bingsu/Human_Action_Recognition,running,0,0,0,0,0,0,1,0,0,0,0,0,0,0,0,0,0,1,1,0
data/external/actions/human_action_recognition_debug/000234_sitting.jpg,Bingsu/Human_Action_Recognition,sitting,0,1,0,0,0,0,0,0,0,0,0,0,0,0,0,0,1,0,0,0
data/external/actions/human_action_recognition_debug/000236_sitting.jpg,Bingsu/Human_Action_Recognition,sitting,0,1,0,0,0,0,0,0,0,0,0,0,0,0,0,0,1,0,0,0
data/external/actions/human_action_recognition_debug/000237_running.jpg,Bingsu/Human_Action_Recognition,running,0,0,0,0,0,0,1,0,0,0,0,0,0,0,0,0,0,1,1,0
data/external/actions/human_action_recognition_debug/000238_sleeping.jpg,Bingsu/Human_Action_Recognition,sleeping,0,0,1,0,0,0,0,0,0,0,0,0,0,0,0,0,1,0,0,0
data/external/actions/human_action_recognition_debug/000241_sitting.jpg,Bingsu/Human_Action_Recognition,sitting,0,1,0,0,0,0,0,0,0,0,0,0,0,0,0,0,1,0,0,0
data/external/actions/human_action_recognition_debug/000243_drinking.jpg,Bingsu/Human_Action_Recognition,drinking,0,0,0,0,0,0,0,0,0,0,0,0,0,0,1,0,0,0,0,0
data/external/actions/human_action_recognition_debug/000244_running.jpg,Bingsu/Human_Action_Recognition,running,0,0,0,0,0,0,1,0,0,0,0,0,0,0,0,0,0,1,1,0
data/external/actions/human_action_recognition_debug/000245_dancing.jpg,Bingsu/Human_Action_Recognition,dancing,0,0,0,0,0,0,0,0,0,0,1,0,0,0,0,0,0,1,0,0
data/external/actions/human_action_recognition_debug/000246_sitting.jpg,Bingsu/Human_Action_Recognition,sitting,0,1,0,0,0,0,0,0,0,0,0,0,0,0,0,0,1,0,0,0
data/external/actions/human_action_recognition_debug/000248_eating.jpg,Bingsu/Human_Action_Recognition,eating,0,0,0,0,0,0,0,0,0,0,0,0,0,1,0,0,0,0,0,0
data/external/actions/human_action_recognition_debug/000252_eating.jpg,Bingsu/Human_Action_Recognition,eating,0,0,0,0,0,0,0,0,0,0,0,0,0,1,0,0,0,0,0,0
data/external/actions/human_action_recognition_debug/000253_dancing.jpg,Bingsu/Human_Action_Recognition,dancing,0,0,0,0,0,0,0,0,0,0,1,0,0,0,0,0,0,1,0,0
data/external/actions/human_action_recognition_debug/000254_cycling.jpg,Bingsu/Human_Action_Recognition,cycling,0,0,0,0,0,0,0,0,1,0,0,0,0,0,0,0,0,1,0,0
data/external/actions/human_action_recognition_debug/000255_drinking.jpg,Bingsu/Human_Action_Recognition,drinking,0,0,0,0,0,0,0,0,0,0,0,0,0,0,1,0,0,0,0,0
data/external/actions/human_action_recognition_debug/000257_sleeping.jpg,Bingsu/Human_Action_Recognition,sleeping,0,0,1,0,0,0,0,0,0,0,0,0,0,0,0,0,1,0,0,0
data/external/actions/human_action_recognition_debug/000259_running.jpg,Bingsu/Human_Action_Recognition,running,0,0,0,0,0,0,1,0,0,0,0,0,0,0,0,0,0,1,1,0
data/external/actions/human_action_recognition_debug/000260_sitting.jpg,Bingsu/Human_Action_Recognition,sitting,0,1,0,0,0,0,0,0,0,0,0,0,0,0,0,0,1,0,0,0
data/external/actions/human_action_recognition_debug/000262_sleeping.jpg,Bingsu/Human_Action_Recognition,sleeping,0,0,1,0,0,0,0,0,0,0,0,0,0,0,0,0,1,0,0,0
data/external/actions/human_action_recognition_debug/000264_eating.jpg,Bingsu/Human_Action_Recognition,eating,0,0,0,0,0,0,0,0,0,0,0,0,0,1,0,0,0,0,0,0
data/external/actions/human_action_recognition_debug/000265_running.jpg,Bingsu/Human_Action_Recognition,running,0,0,0,0,0,0,1,0,0,0,0,0,0,0,0,0,0,1,1,0
data/external/actions/human_action_recognition_debug/000267_dancing.jpg,Bingsu/Human_Action_Recognition,dancing,0,0,0,0,0,0,0,0,0,0,1,0,0,0,0,0,0,1,0,0
data/external/actions/human_action_recognition_debug/000271_eating.jpg,Bingsu/Human_Action_Recognition,eating,0,0,0,0,0,0,0,0,0,0,0,0,0,1,0,0,0,0,0,0
data/external/actions/human_action_recognition_debug/000273_drinking.jpg,Bingsu/Human_Action_Recognition,drinking,0,0,0,0,0,0,0,0,0,0,0,0,0,0,1,0,0,0,0,0
data/external/actions/human_action_recognition_debug/000277_drinking.jpg,Bingsu/Human_Action_Recognition,drinking,0,0,0,0,0,0,0,0,0,0,0,0,0,0,1,0,0,0,0,0
data/external/actions/human_action_recognition_debug/000279_sleeping.jpg,Bingsu/Human_Action_Recognition,sleeping,0,0,1,0,0,0,0,0,0,0,0,0,0,0,0,0,1,0,0,0
data/external/actions/human_action_recognition_debug/000285_drinking.jpg,Bingsu/Human_Action_Recognition,drinking,0,0,0,0,0,0,0,0,0,0,0,0,0,0,1,0,0,0,0,0
data/external/actions/human_action_recognition_debug/000294_sleeping.jpg,Bingsu/Human_Action_Recognition,sleeping,0,0,1,0,0,0,0,0,0,0,0,0,0,0,0,0,1,0,0,0
data/external/actions/human_action_recognition_debug/000295_running.jpg,Bingsu/Human_Action_Recognition,running,0,0,0,0,0,0,1,0,0,0,0,0,0,0,0,0,0,1,1,0
data/external/actions/human_action_recognition_debug/000298_drinking.jpg,Bingsu/Human_Action_Recognition,drinking,0,0,0,0,0,0,0,0,0,0,0,0,0,0,1,0,0,0,0,0
data/external/actions/human_action_recognition_debug/000299_cycling.jpg,Bingsu/Human_Action_Recognition,cycling,0,0,0,0,0,0,0,0,1,0,0,0,0,0,0,0,0,1,0,0
data/external/actions/human_action_recognition_debug/000302_eating.jpg,Bingsu/Human_Action_Recognition,eating,0,0,0,0,0,0,0,0,0,0,0,0,0,1,0,0,0,0,0,0
data/external/actions/human_action_recognition_debug/000305_running.jpg,Bingsu/Human_Action_Recognition,running,0,0,0,0,0,0,1,0,0,0,0,0,0,0,0,0,0,1,1,0
data/external/actions/human_action_recognition_debug/000306_running.jpg,Bingsu/Human_Action_Recognition,running,0,0,0,0,0,0,1,0,0,0,0,0,0,0,0,0,0,1,1,0
data/external/actions/human_action_recognition_debug/000308_eating.jpg,Bingsu/Human_Action_Recognition,eating,0,0,0,0,0,0,0,0,0,0,0,0,0,1,0,0,0,0,0,0
data/external/actions/human_action_recognition_debug/000309_sitting.jpg,Bingsu/Human_Action_Recognition,sitting,0,1,0,0,0,0,0,0,0,0,0,0,0,0,0,0,1,0,0,0
data/external/actions/human_action_recognition_debug/000310_cycling.jpg,Bingsu/Human_Action_Recognition,cycling,0,0,0,0,0,0,0,0,1,0,0,0,0,0,0,0,0,1,0,0
data/external/actions/human_action_recognition_debug/000311_running.jpg,Bingsu/Human_Action_Recognition,running,0,0,0,0,0,0,1,0,0,0,0,0,0,0,0,0,0,1,1,0
data/external/actions/human_action_recognition_debug/000315_running.jpg,Bingsu/Human_Action_Recognition,running,0,0,0,0,0,0,1,0,0,0,0,0,0,0,0,0,0,1,1,0
data/external/actions/human_action_recognition_debug/000316_dancing.jpg,Bingsu/Human_Action_Recognition,dancing,0,0,0,0,0,0,0,0,0,0,1,0,0,0,0,0,0,1,0,0
data/external/actions/human_action_recognition_debug/000322_eating.jpg,Bingsu/Human_Action_Recognition,eating,0,0,0,0,0,0,0,0,0,0,0,0,0,1,0,0,0,0,0,0
data/external/actions/human_action_recognition_debug/000327_running.jpg,Bingsu/Human_Action_Recognition,running,0,0,0,0,0,0,1,0,0,0,0,0,0,0,0,0,0,1,1,0
data/external/actions/human_action_recognition_debug/000329_sleeping.jpg,Bingsu/Human_Action_Recognition,sleeping,0,0,1,0,0,0,0,0,0,0,0,0,0,0,0,0,1,0,0,0
data/external/actions/human_action_recognition_debug/000332_eating.jpg,Bingsu/Human_Action_Recognition,eating,0,0,0,0,0,0,0,0,0,0,0,0,0,1,0,0,0,0,0,0
data/external/actions/human_action_recognition_debug/000334_running.jpg,Bingsu/Human_Action_Recognition,running,0,0,0,0,0,0,1,0,0,0,0,0,0,0,0,0,0,1,1,0
data/external/actions/human_action_recognition_debug/000337_eating.jpg,Bingsu/Human_Action_Recognition,eating,0,0,0,0,0,0,0,0,0,0,0,0,0,1,0,0,0,0,0,0
data/external/actions/human_action_recognition_debug/000338_sleeping.jpg,Bingsu/Human_Action_Recognition,sleeping,0,0,1,0,0,0,0,0,0,0,0,0,0,0,0,0,1,0,0,0
data/external/actions/human_action_recognition_debug/000340_sitting.jpg,Bingsu/Human_Action_Recognition,sitting,0,1,0,0,0,0,0,0,0,0,0,0,0,0,0,0,1,0,0,0
data/external/actions/human_action_recognition_debug/000341_eating.jpg,Bingsu/Human_Action_Recognition,eating,0,0,0,0,0,0,0,0,0,0,0,0,0,1,0,0,0,0,0,0
data/external/actions/human_action_recognition_debug/000342_drinking.jpg,Bingsu/Human_Action_Recognition,drinking,0,0,0,0,0,0,0,0,0,0,0,0,0,0,1,0,0,0,0,0
data/external/actions/human_action_recognition_debug/000344_running.jpg,Bingsu/Human_Action_Recognition,running,0,0,0,0,0,0,1,0,0,0,0,0,0,0,0,0,0,1,1,0
data/external/actions/human_action_recognition_debug/000345_sleeping.jpg,Bingsu/Human_Action_Recognition,sleeping,0,0,1,0,0,0,0,0,0,0,0,0,0,0,0,0,1,0,0,0
data/external/actions/human_action_recognition_debug/000346_running.jpg,Bingsu/Human_Action_Recognition,running,0,0,0,0,0,0,1,0,0,0,0,0,0,0,0,0,0,1,1,0
data/external/actions/human_action_recognition_debug/000347_running.jpg,Bingsu/Human_Action_Recognition,running,0,0,0,0,0,0,1,0,0,0,0,0,0,0,0,0,0,1,1,0
data/external/actions/human_action_recognition_debug/000350_eating.jpg,Bingsu/Human_Action_Recognition,eating,0,0,0,0,0,0,0,0,0,0,0,0,0,1,0,0,0,0,0,0
data/external/actions/human_action_recognition_debug/000351_sitting.jpg,Bingsu/Human_Action_Recognition,sitting,0,1,0,0,0,0,0,0,0,0,0,0,0,0,0,0,1,0,0,0
data/external/actions/human_action_recognition_debug/000353_drinking.jpg,Bingsu/Human_Action_Recognition,drinking,0,0,0,0,0,0,0,0,0,0,0,0,0,0,1,0,0,0,0,0
data/external/actions/human_action_recognition_debug/000354_drinking.jpg,Bingsu/Human_Action_Recognition,drinking,0,0,0,0,0,0,0,0,0,0,0,0,0,0,1,0,0,0,0,0
data/external/actions/human_action_recognition_debug/000355_drinking.jpg,Bingsu/Human_Action_Recognition,drinking,0,0,0,0,0,0,0,0,0,0,0,0,0,0,1,0,0,0,0,0
data/external/actions/human_action_recognition_debug/000357_eating.jpg,Bingsu/Human_Action_Recognition,eating,0,0,0,0,0,0,0,0,0,0,0,0,0,1,0,0,0,0,0,0
data/external/actions/human_action_recognition_debug/000358_sitting.jpg,Bingsu/Human_Action_Recognition,sitting,0,1,0,0,0,0,0,0,0,0,0,0,0,0,0,0,1,0,0,0
data/external/actions/human_action_recognition_debug/000360_sleeping.jpg,Bingsu/Human_Action_Recognition,sleeping,0,0,1,0,0,0,0,0,0,0,0,0,0,0,0,0,1,0,0,0
data/external/actions/human_action_recognition_debug/000361_sitting.jpg,Bingsu/Human_Action_Recognition,sitting,0,1,0,0,0,0,0,0,0,0,0,0,0,0,0,0,1,0,0,0
data/external/actions/human_action_recognition_debug/000363_sleeping.jpg,Bingsu/Human_Action_Recognition,sleeping,0,0,1,0,0,0,0,0,0,0,0,0,0,0,0,0,1,0,0,0
data/external/actions/human_action_recognition_debug/000364_cycling.jpg,Bingsu/Human_Action_Recognition,cycling,0,0,0,0,0,0,0,0,1,0,0,0,0,0,0,0,0,1,0,0
data/external/actions/human_action_recognition_debug/000366_sleeping.jpg,Bingsu/Human_Action_Recognition,sleeping,0,0,1,0,0,0,0,0,0,0,0,0,0,0,0,0,1,0,0,0
data/external/actions/human_action_recognition_debug/000367_sleeping.jpg,Bingsu/Human_Action_Recognition,sleeping,0,0,1,0,0,0,0,0,0,0,0,0,0,0,0,0,1,0,0,0
data/external/actions/human_action_recognition_debug/000376_drinking.jpg,Bingsu/Human_Action_Recognition,drinking,0,0,0,0,0,0,0,0,0,0,0,0,0,0,1,0,0,0,0,0
data/external/actions/human_action_recognition_debug/000379_sitting.jpg,Bingsu/Human_Action_Recognition,sitting,0,1,0,0,0,0,0,0,0,0,0,0,0,0,0,0,1,0,0,0
data/external/actions/human_action_recognition_debug/000381_drinking.jpg,Bingsu/Human_Action_Recognition,drinking,0,0,0,0,0,0,0,0,0,0,0,0,0,0,1,0,0,0,0,0
data/external/actions/human_action_recognition_debug/000384_sleeping.jpg,Bingsu/Human_Action_Recognition,sleeping,0,0,1,0,0,0,0,0,0,0,0,0,0,0,0,0,1,0,0,0
data/external/actions/human_action_recognition_debug/000385_eating.jpg,Bingsu/Human_Action_Recognition,eating,0,0,0,0,0,0,0,0,0,0,0,0,0,1,0,0,0,0,0,0
data/external/actions/human_action_recognition_debug/000386_cycling.jpg,Bingsu/Human_Action_Recognition,cycling,0,0,0,0,0,0,0,0,1,0,0,0,0,0,0,0,0,1,0,0
data/external/actions/human_action_recognition_debug/000391_drinking.jpg,Bingsu/Human_Action_Recognition,drinking,0,0,0,0,0,0,0,0,0,0,0,0,0,0,1,0,0,0,0,0
data/external/actions/human_action_recognition_debug/000394_eating.jpg,Bingsu/Human_Action_Recognition,eating,0,0,0,0,0,0,0,0,0,0,0,0,0,1,0,0,0,0,0,0
data/external/actions/human_action_recognition_debug/000395_dancing.jpg,Bingsu/Human_Action_Recognition,dancing,0,0,0,0,0,0,0,0,0,0,1,0,0,0,0,0,0,1,0,0
data/external/actions/human_action_recognition_debug/000399_running.jpg,Bingsu/Human_Action_Recognition,running,0,0,0,0,0,0,1,0,0,0,0,0,0,0,0,0,0,1,1,0
data/external/actions/human_action_recognition_debug/000401_eating.jpg,Bingsu/Human_Action_Recognition,eating,0,0,0,0,0,0,0,0,0,0,0,0,0,1,0,0,0,0,0,0
data/external/actions/human_action_recognition_debug/000404_drinking.jpg,Bingsu/Human_Action_Recognition,drinking,0,0,0,0,0,0,0,0,0,0,0,0,0,0,1,0,0,0,0,0
data/external/actions/human_action_recognition_debug/000407_cycling.jpg,Bingsu/Human_Action_Recognition,cycling,0,0,0,0,0,0,0,0,1,0,0,0,0,0,0,0,0,1,0,0
data/external/actions/human_action_recognition_debug/000409_sleeping.jpg,Bingsu/Human_Action_Recognition,sleeping,0,0,1,0,0,0,0,0,0,0,0,0,0,0,0,0,1,0,0,0
data/external/actions/human_action_recognition_debug/000410_sleeping.jpg,Bingsu/Human_Action_Recognition,sleeping,0,0,1,0,0,0,0,0,0,0,0,0,0,0,0,0,1,0,0,0
data/external/actions/human_action_recognition_debug/000411_drinking.jpg,Bingsu/Human_Action_Recognition,drinking,0,0,0,0,0,0,0,0,0,0,0,0,0,0,1,0,0,0,0,0
data/external/actions/human_action_recognition_debug/000413_running.jpg,Bingsu/Human_Action_Recognition,running,0,0,0,0,0,0,1,0,0,0,0,0,0,0,0,0,0,1,1,0
data/external/actions/human_action_recognition_debug/000414_sitting.jpg,Bingsu/Human_Action_Recognition,sitting,0,1,0,0,0,0,0,0,0,0,0,0,0,0,0,0,1,0,0,0
data/external/actions/human_action_recognition_debug/000419_sleeping.jpg,Bingsu/Human_Action_Recognition,sleeping,0,0,1,0,0,0,0,0,0,0,0,0,0,0,0,0,1,0,0,0
data/external/actions/human_action_recognition_debug/000420_drinking.jpg,Bingsu/Human_Action_Recognition,drinking,0,0,0,0,0,0,0,0,0,0,0,0,0,0,1,0,0,0,0,0
data/external/actions/human_action_recognition_debug/000422_eating.jpg,Bingsu/Human_Action_Recognition,eating,0,0,0,0,0,0,0,0,0,0,0,0,0,1,0,0,0,0,0,0
data/external/actions/human_action_recognition_debug/000426_cycling.jpg,Bingsu/Human_Action_Recognition,cycling,0,0,0,0,0,0,0,0,1,0,0,0,0,0,0,0,0,1,0,0
data/external/actions/human_action_recognition_debug/000427_running.jpg,Bingsu/Human_Action_Recognition,running,0,0,0,0,0,0,1,0,0,0,0,0,0,0,0,0,0,1,1,0
data/external/actions/human_action_recognition_debug/000436_eating.jpg,Bingsu/Human_Action_Recognition,eating,0,0,0,0,0,0,0,0,0,0,0,0,0,1,0,0,0,0,0,0
data/external/actions/human_action_recognition_debug/000440_dancing.jpg,Bingsu/Human_Action_Recognition,dancing,0,0,0,0,0,0,0,0,0,0,1,0,0,0,0,0,0,1,0,0
data/external/actions/human_action_recognition_debug/000443_dancing.jpg,Bingsu/Human_Action_Recognition,dancing,0,0,0,0,0,0,0,0,0,0,1,0,0,0,0,0,0,1,0,0
data/external/actions/human_action_recognition_debug/000446_cycling.jpg,Bingsu/Human_Action_Recognition,cycling,0,0,0,0,0,0,0,0,1,0,0,0,0,0,0,0,0,1,0,0
data/external/actions/human_action_recognition_debug/000447_cycling.jpg,Bingsu/Human_Action_Recognition,cycling,0,0,0,0,0,0,0,0,1,0,0,0,0,0,0,0,0,1,0,0
data/external/actions/human_action_recognition_debug/000449_running.jpg,Bingsu/Human_Action_Recognition,running,0,0,0,0,0,0,1,0,0,0,0,0,0,0,0,0,0,1,1,0
data/external/actions/human_action_recognition_debug/000451_sleeping.jpg,Bingsu/Human_Action_Recognition,sleeping,0,0,1,0,0,0,0,0,0,0,0,0,0,0,0,0,1,0,0,0
data/external/actions/human_action_recognition_debug/000452_sleeping.jpg,Bingsu/Human_Action_Recognition,sleeping,0,0,1,0,0,0,0,0,0,0,0,0,0,0,0,0,1,0,0,0
data/external/actions/human_action_recognition_debug/000453_cycling.jpg,Bingsu/Human_Action_Recognition,cycling,0,0,0,0,0,0,0,0,1,0,0,0,0,0,0,0,0,1,0,0
data/external/actions/human_action_recognition_debug/000454_sleeping.jpg,Bingsu/Human_Action_Recognition,sleeping,0,0,1,0,0,0,0,0,0,0,0,0,0,0,0,0,1,0,0,0
data/external/actions/human_action_recognition_debug/000456_sleeping.jpg,Bingsu/Human_Action_Recognition,sleeping,0,0,1,0,0,0,0,0,0,0,0,0,0,0,0,0,1,0,0,0
data/external/actions/human_action_recognition_debug/000458_eating.jpg,Bingsu/Human_Action_Recognition,eating,0,0,0,0,0,0,0,0,0,0,0,0,0,1,0,0,0,0,0,0
data/external/actions/human_action_recognition_debug/000459_cycling.jpg,Bingsu/Human_Action_Recognition,cycling,0,0,0,0,0,0,0,0,1,0,0,0,0,0,0,0,0,1,0,0
data/external/actions/human_action_recognition_debug/000460_eating.jpg,Bingsu/Human_Action_Recognition,eating,0,0,0,0,0,0,0,0,0,0,0,0,0,1,0,0,0,0,0,0
data/external/actions/human_action_recognition_debug/000461_sitting.jpg,Bingsu/Human_Action_Recognition,sitting,0,1,0,0,0,0,0,0,0,0,0,0,0,0,0,0,1,0,0,0
data/external/actions/human_action_recognition_debug/000464_sitting.jpg,Bingsu/Human_Action_Recognition,sitting,0,1,0,0,0,0,0,0,0,0,0,0,0,0,0,0,1,0,0,0
data/external/actions/human_action_recognition_debug/000466_sleeping.jpg,Bingsu/Human_Action_Recognition,sleeping,0,0,1,0,0,0,0,0,0,0,0,0,0,0,0,0,1,0,0,0
data/external/actions/human_action_recognition_debug/000469_drinking.jpg,Bingsu/Human_Action_Recognition,drinking,0,0,0,0,0,0,0,0,0,0,0,0,0,0,1,0,0,0,0,0
data/external/actions/human_action_recognition_debug/000470_eating.jpg,Bingsu/Human_Action_Recognition,eating,0,0,0,0,0,0,0,0,0,0,0,0,0,1,0,0,0,0,0,0
data/external/actions/human_action_recognition_debug/000476_cycling.jpg,Bingsu/Human_Action_Recognition,cycling,0,0,0,0,0,0,0,0,1,0,0,0,0,0,0,0,0,1,0,0
data/external/actions/human_action_recognition_debug/000478_drinking.jpg,Bingsu/Human_Action_Recognition,drinking,0,0,0,0,0,0,0,0,0,0,0,0,0,0,1,0,0,0,0,0
data/external/actions/human_action_recognition_debug/000479_cycling.jpg,Bingsu/Human_Action_Recognition,cycling,0,0,0,0,0,0,0,0,1,0,0,0,0,0,0,0,0,1,0,0
data/external/actions/human_action_recognition_debug/000480_sitting.jpg,Bingsu/Human_Action_Recognition,sitting,0,1,0,0,0,0,0,0,0,0,0,0,0,0,0,0,1,0,0,0
data/external/actions/human_action_recognition_debug/000481_eating.jpg,Bingsu/Human_Action_Recognition,eating,0,0,0,0,0,0,0,0,0,0,0,0,0,1,0,0,0,0,0,0
data/external/actions/human_action_recognition_debug/000482_sleeping.jpg,Bingsu/Human_Action_Recognition,sleeping,0,0,1,0,0,0,0,0,0,0,0,0,0,0,0,0,1,0,0,0
data/external/actions/human_action_recognition_debug/000486_eating.jpg,Bingsu/Human_Action_Recognition,eating,0,0,0,0,0,0,0,0,0,0,0,0,0,1,0,0,0,0,0,0
data/external/actions/human_action_recognition_debug/000488_running.jpg,Bingsu/Human_Action_Recognition,running,0,0,0,0,0,0,1,0,0,0,0,0,0,0,0,0,0,1,1,0
data/external/actions/human_action_recognition_debug/000489_drinking.jpg,Bingsu/Human_Action_Recognition,drinking,0,0,0,0,0,0,0,0,0,0,0,0,0,0,1,0,0,0,0,0
data/external/actions/human_action_recognition_debug/000490_eating.jpg,Bingsu/Human_Action_Recognition,eating,0,0,0,0,0,0,0,0,0,0,0,0,0,1,0,0,0,0,0,0
data/external/actions/human_action_recognition_debug/000493_sitting.jpg,Bingsu/Human_Action_Recognition,sitting,0,1,0,0,0,0,0,0,0,0,0,0,0,0,0,0,1,0,0,0
data/external/actions/human_action_recognition_debug/000495_sitting.jpg,Bingsu/Human_Action_Recognition,sitting,0,1,0,0,0,0,0,0,0,0,0,0,0,0,0,0,1,0,0,0
data/external/actions/human_action_recognition_debug/000496_sleeping.jpg,Bingsu/Human_Action_Recognition,sleeping,0,0,1,0,0,0,0,0,0,0,0,0,0,0,0,0,1,0,0,0
data/external/actions/human_action_recognition_debug/000502_sleeping.jpg,Bingsu/Human_Action_Recognition,sleeping,0,0,1,0,0,0,0,0,0,0,0,0,0,0,0,0,1,0,0,0
data/external/actions/human_action_recognition_debug/000504_cycling.jpg,Bingsu/Human_Action_Recognition,cycling,0,0,0,0,0,0,0,0,1,0,0,0,0,0,0,0,0,1,0,0
data/external/actions/human_action_recognition_debug/000505_sitting.jpg,Bingsu/Human_Action_Recognition,sitting,0,1,0,0,0,0,0,0,0,0,0,0,0,0,0,0,1,0,0,0
data/external/actions/human_action_recognition_debug/000506_cycling.jpg,Bingsu/Human_Action_Recognition,cycling,0,0,0,0,0,0,0,0,1,0,0,0,0,0,0,0,0,1,0,0
data/external/actions/human_action_recognition_debug/000508_cycling.jpg,Bingsu/Human_Action_Recognition,cycling,0,0,0,0,0,0,0,0,1,0,0,0,0,0,0,0,0,1,0,0
data/external/actions/human_action_recognition_debug/000510_sitting.jpg,Bingsu/Human_Action_Recognition,sitting,0,1,0,0,0,0,0,0,0,0,0,0,0,0,0,0,1,0,0,0
data/external/actions/human_action_recognition_debug/000511_eating.jpg,Bingsu/Human_Action_Recognition,eating,0,0,0,0,0,0,0,0,0,0,0,0,0,1,0,0,0,0,0,0
data/external/actions/human_action_recognition_debug/000512_cycling.jpg,Bingsu/Human_Action_Recognition,cycling,0,0,0,0,0,0,0,0,1,0,0,0,0,0,0,0,0,1,0,0
data/external/actions/human_action_recognition_debug/000516_running.jpg,Bingsu/Human_Action_Recognition,running,0,0,0,0,0,0,1,0,0,0,0,0,0,0,0,0,0,1,1,0
data/external/actions/human_action_recognition_debug/000520_sleeping.jpg,Bingsu/Human_Action_Recognition,sleeping,0,0,1,0,0,0,0,0,0,0,0,0,0,0,0,0,1,0,0,0
data/external/actions/human_action_recognition_debug/000530_running.jpg,Bingsu/Human_Action_Recognition,running,0,0,0,0,0,0,1,0,0,0,0,0,0,0,0,0,0,1,1,0
data/external/actions/human_action_recognition_debug/000535_eating.jpg,Bingsu/Human_Action_Recognition,eating,0,0,0,0,0,0,0,0,0,0,0,0,0,1,0,0,0,0,0,0
data/external/actions/human_action_recognition_debug/000536_sitting.jpg,Bingsu/Human_Action_Recognition,sitting,0,1,0,0,0,0,0,0,0,0,0,0,0,0,0,0,1,0,0,0
data/external/actions/human_action_recognition_debug/000541_sitting.jpg,Bingsu/Human_Action_Recognition,sitting,0,1,0,0,0,0,0,0,0,0,0,0,0,0,0,0,1,0,0,0
data/external/actions/human_action_recognition_debug/000543_drinking.jpg,Bingsu/Human_Action_Recognition,drinking,0,0,0,0,0,0,0,0,0,0,0,0,0,0,1,0,0,0,0,0
data/external/actions/human_action_recognition_debug/000544_eating.jpg,Bingsu/Human_Action_Recognition,eating,0,0,0,0,0,0,0,0,0,0,0,0,0,1,0,0,0,0,0,0
data/external/actions/human_action_recognition_debug/000546_sitting.jpg,Bingsu/Human_Action_Recognition,sitting,0,1,0,0,0,0,0,0,0,0,0,0,0,0,0,0,1,0,0,0
data/external/actions/human_action_recognition_debug/000547_sitting.jpg,Bingsu/Human_Action_Recognition,sitting,0,1,0,0,0,0,0,0,0,0,0,0,0,0,0,0,1,0,0,0
data/external/actions/human_action_recognition_debug/000549_sitting.jpg,Bingsu/Human_Action_Recognition,sitting,0,1,0,0,0,0,0,0,0,0,0,0,0,0,0,0,1,0,0,0
data/external/actions/human_action_recognition_debug/000550_cycling.jpg,Bingsu/Human_Action_Recognition,cycling,0,0,0,0,0,0,0,0,1,0,0,0,0,0,0,0,0,1,0,0
data/external/actions/human_action_recognition_debug/000554_sitting.jpg,Bingsu/Human_Action_Recognition,sitting,0,1,0,0,0,0,0,0,0,0,0,0,0,0,0,0,1,0,0,0
data/external/actions/human_action_recognition_debug/000556_running.jpg,Bingsu/Human_Action_Recognition,running,0,0,0,0,0,0,1,0,0,0,0,0,0,0,0,0,0,1,1,0
data/external/actions/human_action_recognition_debug/000557_sleeping.jpg,Bingsu/Human_Action_Recognition,sleeping,0,0,1,0,0,0,0,0,0,0,0,0,0,0,0,0,1,0,0,0
data/external/actions/human_action_recognition_debug/000558_dancing.jpg,Bingsu/Human_Action_Recognition,dancing,0,0,0,0,0,0,0,0,0,0,1,0,0,0,0,0,0,1,0,0
data/external/actions/human_action_recognition_debug/000563_running.jpg,Bingsu/Human_Action_Recognition,running,0,0,0,0,0,0,1,0,0,0,0,0,0,0,0,0,0,1,1,0
data/external/actions/human_action_recognition_debug/000564_dancing.jpg,Bingsu/Human_Action_Recognition,dancing,0,0,0,0,0,0,0,0,0,0,1,0,0,0,0,0,0,1,0,0
data/external/actions/human_action_recognition_debug/000565_dancing.jpg,Bingsu/Human_Action_Recognition,dancing,0,0,0,0,0,0,0,0,0,0,1,0,0,0,0,0,0,1,0,0
data/external/actions/human_action_recognition_debug/000568_sleeping.jpg,Bingsu/Human_Action_Recognition,sleeping,0,0,1,0,0,0,0,0,0,0,0,0,0,0,0,0,1,0,0,0
data/external/actions/human_action_recognition_debug/000569_dancing.jpg,Bingsu/Human_Action_Recognition,dancing,0,0,0,0,0,0,0,0,0,0,1,0,0,0,0,0,0,1,0,0
data/external/actions/human_action_recognition_debug/000570_drinking.jpg,Bingsu/Human_Action_Recognition,drinking,0,0,0,0,0,0,0,0,0,0,0,0,0,0,1,0,0,0,0,0
data/external/actions/human_action_recognition_debug/000572_sitting.jpg,Bingsu/Human_Action_Recognition,sitting,0,1,0,0,0,0,0,0,0,0,0,0,0,0,0,0,1,0,0,0
data/external/actions/human_action_recognition_debug/000574_eating.jpg,Bingsu/Human_Action_Recognition,eating,0,0,0,0,0,0,0,0,0,0,0,0,0,1,0,0,0,0,0,0
data/external/actions/human_action_recognition_debug/000575_dancing.jpg,Bingsu/Human_Action_Recognition,dancing,0,0,0,0,0,0,0,0,0,0,1,0,0,0,0,0,0,1,0,0
data/external/actions/human_action_recognition_debug/000577_cycling.jpg,Bingsu/Human_Action_Recognition,cycling,0,0,0,0,0,0,0,0,1,0,0,0,0,0,0,0,0,1,0,0
data/external/actions/human_action_recognition_debug/000580_dancing.jpg,Bingsu/Human_Action_Recognition,dancing,0,0,0,0,0,0,0,0,0,0,1,0,0,0,0,0,0,1,0,0
data/external/actions/human_action_recognition_debug/000581_running.jpg,Bingsu/Human_Action_Recognition,running,0,0,0,0,0,0,1,0,0,0,0,0,0,0,0,0,0,1,1,0
data/external/actions/human_action_recognition_debug/000582_dancing.jpg,Bingsu/Human_Action_Recognition,dancing,0,0,0,0,0,0,0,0,0,0,1,0,0,0,0,0,0,1,0,0
data/external/actions/human_action_recognition_debug/000584_running.jpg,Bingsu/Human_Action_Recognition,running,0,0,0,0,0,0,1,0,0,0,0,0,0,0,0,0,0,1,1,0
data/external/actions/human_action_recognition_debug/000585_eating.jpg,Bingsu/Human_Action_Recognition,eating,0,0,0,0,0,0,0,0,0,0,0,0,0,1,0,0,0,0,0,0
data/external/actions/human_action_recognition_debug/000587_sitting.jpg,Bingsu/Human_Action_Recognition,sitting,0,1,0,0,0,0,0,0,0,0,0,0,0,0,0,0,1,0,0,0
data/external/actions/human_action_recognition_debug/000588_sitting.jpg,Bingsu/Human_Action_Recognition,sitting,0,1,0,0,0,0,0,0,0,0,0,0,0,0,0,0,1,0,0,0
data/external/actions/human_action_recognition_debug/000589_dancing.jpg,Bingsu/Human_Action_Recognition,dancing,0,0,0,0,0,0,0,0,0,0,1,0,0,0,0,0,0,1,0,0
data/external/actions/human_action_recognition_debug/000591_sitting.jpg,Bingsu/Human_Action_Recognition,sitting,0,1,0,0,0,0,0,0,0,0,0,0,0,0,0,0,1,0,0,0
data/external/actions/human_action_recognition_debug/000592_cycling.jpg,Bingsu/Human_Action_Recognition,cycling,0,0,0,0,0,0,0,0,1,0,0,0,0,0,0,0,0,1,0,0
data/external/actions/human_action_recognition_debug/000593_cycling.jpg,Bingsu/Human_Action_Recognition,cycling,0,0,0,0,0,0,0,0,1,0,0,0,0,0,0,0,0,1,0,0
data/external/actions/human_action_recognition_debug/000594_cycling.jpg,Bingsu/Human_Action_Recognition,cycling,0,0,0,0,0,0,0,0,1,0,0,0,0,0,0,0,0,1,0,0
data/external/actions/human_action_recognition_debug/000595_eating.jpg,Bingsu/Human_Action_Recognition,eating,0,0,0,0,0,0,0,0,0,0,0,0,0,1,0,0,0,0,0,0
data/external/actions/human_action_recognition_debug/000596_sitting.jpg,Bingsu/Human_Action_Recognition,sitting,0,1,0,0,0,0,0,0,0,0,0,0,0,0,0,0,1,0,0,0
data/external/actions/human_action_recognition_debug/000599_cycling.jpg,Bingsu/Human_Action_Recognition,cycling,0,0,0,0,0,0,0,0,1,0,0,0,0,0,0,0,0,1,0,0
data/external/actions/human_action_recognition_debug/000602_sleeping.jpg,Bingsu/Human_Action_Recognition,sleeping,0,0,1,0,0,0,0,0,0,0,0,0,0,0,0,0,1,0,0,0
data/external/actions/human_action_recognition_debug/000603_running.jpg,Bingsu/Human_Action_Recognition,running,0,0,0,0,0,0,1,0,0,0,0,0,0,0,0,0,0,1,1,0
data/external/actions/human_action_recognition_debug/000607_sleeping.jpg,Bingsu/Human_Action_Recognition,sleeping,0,0,1,0,0,0,0,0,0,0,0,0,0,0,0,0,1,0,0,0
data/external/actions/human_action_recognition_debug/000609_cycling.jpg,Bingsu/Human_Action_Recognition,cycling,0,0,0,0,0,0,0,0,1,0,0,0,0,0,0,0,0,1,0,0
data/external/actions/human_action_recognition_debug/000611_sitting.jpg,Bingsu/Human_Action_Recognition,sitting,0,1,0,0,0,0,0,0,0,0,0,0,0,0,0,0,1,0,0,0
data/external/actions/human_action_recognition_debug/000613_running.jpg,Bingsu/Human_Action_Recognition,running,0,0,0,0,0,0,1,0,0,0,0,0,0,0,0,0,0,1,1,0
data/external/actions/human_action_recognition_debug/000615_running.jpg,Bingsu/Human_Action_Recognition,running,0,0,0,0,0,0,1,0,0,0,0,0,0,0,0,0,0,1,1,0
data/external/actions/human_action_recognition_debug/000617_sitting.jpg,Bingsu/Human_Action_Recognition,sitting,0,1,0,0,0,0,0,0,0,0,0,0,0,0,0,0,1,0,0,0
data/external/actions/human_action_recognition_debug/000618_running.jpg,Bingsu/Human_Action_Recognition,running,0,0,0,0,0,0,1,0,0,0,0,0,0,0,0,0,0,1,1,0
data/external/actions/human_action_recognition_debug/000619_running.jpg,Bingsu/Human_Action_Recognition,running,0,0,0,0,0,0,1,0,0,0,0,0,0,0,0,0,0,1,1,0
data/external/actions/human_action_recognition_debug/000625_drinking.jpg,Bingsu/Human_Action_Recognition,drinking,0,0,0,0,0,0,0,0,0,0,0,0,0,0,1,0,0,0,0,0
data/external/actions/human_action_recognition_debug/000627_cycling.jpg,Bingsu/Human_Action_Recognition,cycling,0,0,0,0,0,0,0,0,1,0,0,0,0,0,0,0,0,1,0,0
data/external/actions/human_action_recognition_debug/000630_drinking.jpg,Bingsu/Human_Action_Recognition,drinking,0,0,0,0,0,0,0,0,0,0,0,0,0,0,1,0,0,0,0,0
data/external/actions/human_action_recognition_debug/000631_cycling.jpg,Bingsu/Human_Action_Recognition,cycling,0,0,0,0,0,0,0,0,1,0,0,0,0,0,0,0,0,1,0,0
data/external/actions/human_action_recognition_debug/000634_running.jpg,Bingsu/Human_Action_Recognition,running,0,0,0,0,0,0,1,0,0,0,0,0,0,0,0,0,0,1,1,0
data/external/actions/human_action_recognition_debug/000635_eating.jpg,Bingsu/Human_Action_Recognition,eating,0,0,0,0,0,0,0,0,0,0,0,0,0,1,0,0,0,0,0,0
data/external/actions/human_action_recognition_debug/000638_eating.jpg,Bingsu/Human_Action_Recognition,eating,0,0,0,0,0,0,0,0,0,0,0,0,0,1,0,0,0,0,0,0
data/external/actions/human_action_recognition_debug/000640_running.jpg,Bingsu/Human_Action_Recognition,running,0,0,0,0,0,0,1,0,0,0,0,0,0,0,0,0,0,1,1,0
data/external/actions/human_action_recognition_debug/000641_cycling.jpg,Bingsu/Human_Action_Recognition,cycling,0,0,0,0,0,0,0,0,1,0,0,0,0,0,0,0,0,1,0,0
data/external/actions/human_action_recognition_debug/000646_cycling.jpg,Bingsu/Human_Action_Recognition,cycling,0,0,0,0,0,0,0,0,1,0,0,0,0,0,0,0,0,1,0,0
data/external/actions/human_action_recognition_debug/000652_dancing.jpg,Bingsu/Human_Action_Recognition,dancing,0,0,0,0,0,0,0,0,0,0,1,0,0,0,0,0,0,1,0,0
data/external/actions/human_action_recognition_debug/000655_drinking.jpg,Bingsu/Human_Action_Recognition,drinking,0,0,0,0,0,0,0,0,0,0,0,0,0,0,1,0,0,0,0,0
data/external/actions/human_action_recognition_debug/000656_sitting.jpg,Bingsu/Human_Action_Recognition,sitting,0,1,0,0,0,0,0,0,0,0,0,0,0,0,0,0,1,0,0,0
data/external/actions/human_action_recognition_debug/000661_sleeping.jpg,Bingsu/Human_Action_Recognition,sleeping,0,0,1,0,0,0,0,0,0,0,0,0,0,0,0,0,1,0,0,0
data/external/actions/human_action_recognition_debug/000662_cycling.jpg,Bingsu/Human_Action_Recognition,cycling,0,0,0,0,0,0,0,0,1,0,0,0,0,0,0,0,0,1,0,0
data/external/actions/human_action_recognition_debug/000664_sleeping.jpg,Bingsu/Human_Action_Recognition,sleeping,0,0,1,0,0,0,0,0,0,0,0,0,0,0,0,0,1,0,0,0
data/external/actions/human_action_recognition_debug/000665_sitting.jpg,Bingsu/Human_Action_Recognition,sitting,0,1,0,0,0,0,0,0,0,0,0,0,0,0,0,0,1,0,0,0
data/external/actions/human_action_recognition_debug/000667_drinking.jpg,Bingsu/Human_Action_Recognition,drinking,0,0,0,0,0,0,0,0,0,0,0,0,0,0,1,0,0,0,0,0
data/external/actions/human_action_recognition_debug/000670_running.jpg,Bingsu/Human_Action_Recognition,running,0,0,0,0,0,0,1,0,0,0,0,0,0,0,0,0,0,1,1,0
data/external/actions/human_action_recognition_debug/000671_running.jpg,Bingsu/Human_Action_Recognition,running,0,0,0,0,0,0,1,0,0,0,0,0,0,0,0,0,0,1,1,0
data/external/actions/human_action_recognition_debug/000672_sitting.jpg,Bingsu/Human_Action_Recognition,sitting,0,1,0,0,0,0,0,0,0,0,0,0,0,0,0,0,1,0,0,0
data/external/actions/human_action_recognition_debug/000676_running.jpg,Bingsu/Human_Action_Recognition,running,0,0,0,0,0,0,1,0,0,0,0,0,0,0,0,0,0,1,1,0
data/external/actions/human_action_recognition_debug/000678_cycling.jpg,Bingsu/Human_Action_Recognition,cycling,0,0,0,0,0,0,0,0,1,0,0,0,0,0,0,0,0,1,0,0
data/external/actions/human_action_recognition_debug/000680_drinking.jpg,Bingsu/Human_Action_Recognition,drinking,0,0,0,0,0,0,0,0,0,0,0,0,0,0,1,0,0,0,0,0
data/external/actions/human_action_recognition_debug/000683_running.jpg,Bingsu/Human_Action_Recognition,running,0,0,0,0,0,0,1,0,0,0,0,0,0,0,0,0,0,1,1,0
data/external/actions/human_action_recognition_debug/000684_drinking.jpg,Bingsu/Human_Action_Recognition,drinking,0,0,0,0,0,0,0,0,0,0,0,0,0,0,1,0,0,0,0,0
data/external/actions/human_action_recognition_debug/000685_sleeping.jpg,Bingsu/Human_Action_Recognition,sleeping,0,0,1,0,0,0,0,0,0,0,0,0,0,0,0,0,1,0,0,0
data/external/actions/human_action_recognition_debug/000686_cycling.jpg,Bingsu/Human_Action_Recognition,cycling,0,0,0,0,0,0,0,0,1,0,0,0,0,0,0,0,0,1,0,0
data/external/actions/human_action_recognition_debug/000687_cycling.jpg,Bingsu/Human_Action_Recognition,cycling,0,0,0,0,0,0,0,0,1,0,0,0,0,0,0,0,0,1,0,0
data/external/actions/human_action_recognition_debug/000690_dancing.jpg,Bingsu/Human_Action_Recognition,dancing,0,0,0,0,0,0,0,0,0,0,1,0,0,0,0,0,0,1,0,0
data/external/actions/human_action_recognition_debug/000691_drinking.jpg,Bingsu/Human_Action_Recognition,drinking,0,0,0,0,0,0,0,0,0,0,0,0,0,0,1,0,0,0,0,0
data/external/actions/human_action_recognition_debug/000694_eating.jpg,Bingsu/Human_Action_Recognition,eating,0,0,0,0,0,0,0,0,0,0,0,0,0,1,0,0,0,0,0,0
data/external/actions/human_action_recognition_debug/000696_sleeping.jpg,Bingsu/Human_Action_Recognition,sleeping,0,0,1,0,0,0,0,0,0,0,0,0,0,0,0,0,1,0,0,0
data/external/actions/human_action_recognition_debug/000699_drinking.jpg,Bingsu/Human_Action_Recognition,drinking,0,0,0,0,0,0,0,0,0,0,0,0,0,0,1,0,0,0,0,0
data/external/actions/human_action_recognition_debug/000701_eating.jpg,Bingsu/Human_Action_Recognition,eating,0,0,0,0,0,0,0,0,0,0,0,0,0,1,0,0,0,0,0,0
data/external/actions/human_action_recognition_debug/000705_drinking.jpg,Bingsu/Human_Action_Recognition,drinking,0,0,0,0,0,0,0,0,0,0,0,0,0,0,1,0,0,0,0,0
data/external/actions/human_action_recognition_debug/000709_running.jpg,Bingsu/Human_Action_Recognition,running,0,0,0,0,0,0,1,0,0,0,0,0,0,0,0,0,0,1,1,0
data/external/actions/human_action_recognition_debug/000713_sleeping.jpg,Bingsu/Human_Action_Recognition,sleeping,0,0,1,0,0,0,0,0,0,0,0,0,0,0,0,0,1,0,0,0
data/external/actions/human_action_recognition_debug/000714_drinking.jpg,Bingsu/Human_Action_Recognition,drinking,0,0,0,0,0,0,0,0,0,0,0,0,0,0,1,0,0,0,0,0
data/external/actions/human_action_recognition_debug/000717_sitting.jpg,Bingsu/Human_Action_Recognition,sitting,0,1,0,0,0,0,0,0,0,0,0,0,0,0,0,0,1,0,0,0
data/external/actions/human_action_recognition_debug/000718_drinking.jpg,Bingsu/Human_Action_Recognition,drinking,0,0,0,0,0,0,0,0,0,0,0,0,0,0,1,0,0,0,0,0
data/external/actions/human_action_recognition_debug/000719_sleeping.jpg,Bingsu/Human_Action_Recognition,sleeping,0,0,1,0,0,0,0,0,0,0,0,0,0,0,0,0,1,0,0,0
data/external/actions/human_action_recognition_debug/000720_eating.jpg,Bingsu/Human_Action_Recognition,eating,0,0,0,0,0,0,0,0,0,0,0,0,0,1,0,0,0,0,0,0
data/external/actions/human_action_recognition_debug/000722_running.jpg,Bingsu/Human_Action_Recognition,running,0,0,0,0,0,0,1,0,0,0,0,0,0,0,0,0,0,1,1,0
data/external/actions/human_action_recognition_debug/000723_sitting.jpg,Bingsu/Human_Action_Recognition,sitting,0,1,0,0,0,0,0,0,0,0,0,0,0,0,0,0,1,0,0,0
data/external/actions/human_action_recognition_debug/000726_eating.jpg,Bingsu/Human_Action_Recognition,eating,0,0,0,0,0,0,0,0,0,0,0,0,0,1,0,0,0,0,0,0
data/external/actions/human_action_recognition_debug/000727_sitting.jpg,Bingsu/Human_Action_Recognition,sitting,0,1,0,0,0,0,0,0,0,0,0,0,0,0,0,0,1,0,0,0
data/external/actions/human_action_recognition_debug/000729_eating.jpg,Bingsu/Human_Action_Recognition,eating,0,0,0,0,0,0,0,0,0,0,0,0,0,1,0,0,0,0,0,0
data/external/actions/human_action_recognition_debug/000732_sitting.jpg,Bingsu/Human_Action_Recognition,sitting,0,1,0,0,0,0,0,0,0,0,0,0,0,0,0,0,1,0,0,0
data/external/actions/human_action_recognition_debug/000735_sitting.jpg,Bingsu/Human_Action_Recognition,sitting,0,1,0,0,0,0,0,0,0,0,0,0,0,0,0,0,1,0,0,0
data/external/actions/human_action_recognition_debug/000736_cycling.jpg,Bingsu/Human_Action_Recognition,cycling,0,0,0,0,0,0,0,0,1,0,0,0,0,0,0,0,0,1,0,0
data/external/actions/human_action_recognition_debug/000737_drinking.jpg,Bingsu/Human_Action_Recognition,drinking,0,0,0,0,0,0,0,0,0,0,0,0,0,0,1,0,0,0,0,0
data/external/actions/human_action_recognition_debug/000738_eating.jpg,Bingsu/Human_Action_Recognition,eating,0,0,0,0,0,0,0,0,0,0,0,0,0,1,0,0,0,0,0,0
data/external/actions/human_action_recognition_debug/000739_sleeping.jpg,Bingsu/Human_Action_Recognition,sleeping,0,0,1,0,0,0,0,0,0,0,0,0,0,0,0,0,1,0,0,0
data/external/actions/human_action_recognition_debug/000745_drinking.jpg,Bingsu/Human_Action_Recognition,drinking,0,0,0,0,0,0,0,0,0,0,0,0,0,0,1,0,0,0,0,0
data/external/actions/human_action_recognition_debug/000749_dancing.jpg,Bingsu/Human_Action_Recognition,dancing,0,0,0,0,0,0,0,0,0,0,1,0,0,0,0,0,0,1,0,0
data/external/actions/human_action_recognition_debug/000751_running.jpg,Bingsu/Human_Action_Recognition,running,0,0,0,0,0,0,1,0,0,0,0,0,0,0,0,0,0,1,1,0
data/external/actions/human_action_recognition_debug/000752_cycling.jpg,Bingsu/Human_Action_Recognition,cycling,0,0,0,0,0,0,0,0,1,0,0,0,0,0,0,0,0,1,0,0
data/external/actions/human_action_recognition_debug/000759_dancing.jpg,Bingsu/Human_Action_Recognition,dancing,0,0,0,0,0,0,0,0,0,0,1,0,0,0,0,0,0,1,0,0
data/external/actions/human_action_recognition_debug/000760_sitting.jpg,Bingsu/Human_Action_Recognition,sitting,0,1,0,0,0,0,0,0,0,0,0,0,0,0,0,0,1,0,0,0
data/external/actions/human_action_recognition_debug/000761_sitting.jpg,Bingsu/Human_Action_Recognition,sitting,0,1,0,0,0,0,0,0,0,0,0,0,0,0,0,0,1,0,0,0
data/external/actions/human_action_recognition_debug/000762_eating.jpg,Bingsu/Human_Action_Recognition,eating,0,0,0,0,0,0,0,0,0,0,0,0,0,1,0,0,0,0,0,0
data/external/actions/human_action_recognition_debug/000764_running.jpg,Bingsu/Human_Action_Recognition,running,0,0,0,0,0,0,1,0,0,0,0,0,0,0,0,0,0,1,1,0
data/external/actions/human_action_recognition_debug/000766_sleeping.jpg,Bingsu/Human_Action_Recognition,sleeping,0,0,1,0,0,0,0,0,0,0,0,0,0,0,0,0,1,0,0,0
data/external/actions/human_action_recognition_debug/000768_dancing.jpg,Bingsu/Human_Action_Recognition,dancing,0,0,0,0,0,0,0,0,0,0,1,0,0,0,0,0,0,1,0,0
data/external/actions/human_action_recognition_debug/000769_sitting.jpg,Bingsu/Human_Action_Recognition,sitting,0,1,0,0,0,0,0,0,0,0,0,0,0,0,0,0,1,0,0,0
data/external/actions/human_action_recognition_debug/000770_sleeping.jpg,Bingsu/Human_Action_Recognition,sleeping,0,0,1,0,0,0,0,0,0,0,0,0,0,0,0,0,1,0,0,0
data/external/actions/human_action_recognition_debug/000771_drinking.jpg,Bingsu/Human_Action_Recognition,drinking,0,0,0,0,0,0,0,0,0,0,0,0,0,0,1,0,0,0,0,0
data/external/actions/human_action_recognition_debug/000775_drinking.jpg,Bingsu/Human_Action_Recognition,drinking,0,0,0,0,0,0,0,0,0,0,0,0,0,0,1,0,0,0,0,0
data/external/actions/human_action_recognition_debug/000776_sleeping.jpg,Bingsu/Human_Action_Recognition,sleeping,0,0,1,0,0,0,0,0,0,0,0,0,0,0,0,0,1,0,0,0
data/external/actions/human_action_recognition_debug/000778_sleeping.jpg,Bingsu/Human_Action_Recognition,sleeping,0,0,1,0,0,0,0,0,0,0,0,0,0,0,0,0,1,0,0,0
data/external/actions/human_action_recognition_debug/000779_dancing.jpg,Bingsu/Human_Action_Recognition,dancing,0,0,0,0,0,0,0,0,0,0,1,0,0,0,0,0,0,1,0,0
data/external/actions/human_action_recognition_debug/000782_eating.jpg,Bingsu/Human_Action_Recognition,eating,0,0,0,0,0,0,0,0,0,0,0,0,0,1,0,0,0,0,0,0
data/external/actions/human_action_recognition_debug/000783_dancing.jpg,Bingsu/Human_Action_Recognition,dancing,0,0,0,0,0,0,0,0,0,0,1,0,0,0,0,0,0,1,0,0
data/external/actions/human_action_recognition_debug/000784_dancing.jpg,Bingsu/Human_Action_Recognition,dancing,0,0,0,0,0,0,0,0,0,0,1,0,0,0,0,0,0,1,0,0
data/external/actions/human_action_recognition_debug/000785_sleeping.jpg,Bingsu/Human_Action_Recognition,sleeping,0,0,1,0,0,0,0,0,0,0,0,0,0,0,0,0,1,0,0,0
data/external/actions/human_action_recognition_debug/000786_running.jpg,Bingsu/Human_Action_Recognition,running,0,0,0,0,0,0,1,0,0,0,0,0,0,0,0,0,0,1,1,0
data/external/actions/human_action_recognition_debug/000787_cycling.jpg,Bingsu/Human_Action_Recognition,cycling,0,0,0,0,0,0,0,0,1,0,0,0,0,0,0,0,0,1,0,0
data/external/actions/human_action_recognition_debug/000788_dancing.jpg,Bingsu/Human_Action_Recognition,dancing,0,0,0,0,0,0,0,0,0,0,1,0,0,0,0,0,0,1,0,0
data/external/actions/human_action_recognition_debug/000790_sleeping.jpg,Bingsu/Human_Action_Recognition,sleeping,0,0,1,0,0,0,0,0,0,0,0,0,0,0,0,0,1,0,0,0
data/external/actions/human_action_recognition_debug/000792_drinking.jpg,Bingsu/Human_Action_Recognition,drinking,0,0,0,0,0,0,0,0,0,0,0,0,0,0,1,0,0,0,0,0
data/external/actions/human_action_recognition_debug/000795_cycling.jpg,Bingsu/Human_Action_Recognition,cycling,0,0,0,0,0,0,0,0,1,0,0,0,0,0,0,0,0,1,0,0
data/external/actions/human_action_recognition_debug/000797_cycling.jpg,Bingsu/Human_Action_Recognition,cycling,0,0,0,0,0,0,0,0,1,0,0,0,0,0,0,0,0,1,0,0
data/external/actions/human_action_recognition_debug/000800_sleeping.jpg,Bingsu/Human_Action_Recognition,sleeping,0,0,1,0,0,0,0,0,0,0,0,0,0,0,0,0,1,0,0,0
data/external/actions/human_action_recognition_debug/000801_drinking.jpg,Bingsu/Human_Action_Recognition,drinking,0,0,0,0,0,0,0,0,0,0,0,0,0,0,1,0,0,0,0,0
data/external/actions/human_action_recognition_debug/000807_drinking.jpg,Bingsu/Human_Action_Recognition,drinking,0,0,0,0,0,0,0,0,0,0,0,0,0,0,1,0,0,0,0,0
data/external/actions/human_action_recognition_debug/000812_sitting.jpg,Bingsu/Human_Action_Recognition,sitting,0,1,0,0,0,0,0,0,0,0,0,0,0,0,0,0,1,0,0,0
data/external/actions/human_action_recognition_debug/000813_cycling.jpg,Bingsu/Human_Action_Recognition,cycling,0,0,0,0,0,0,0,0,1,0,0,0,0,0,0,0,0,1,0,0
data/external/actions/human_action_recognition_debug/000814_cycling.jpg,Bingsu/Human_Action_Recognition,cycling,0,0,0,0,0,0,0,0,1,0,0,0,0,0,0,0,0,1,0,0
data/external/actions/human_action_recognition_debug/000817_sitting.jpg,Bingsu/Human_Action_Recognition,sitting,0,1,0,0,0,0,0,0,0,0,0,0,0,0,0,0,1,0,0,0
data/external/actions/human_action_recognition_debug/000820_running.jpg,Bingsu/Human_Action_Recognition,running,0,0,0,0,0,0,1,0,0,0,0,0,0,0,0,0,0,1,1,0
data/external/actions/human_action_recognition_debug/000821_drinking.jpg,Bingsu/Human_Action_Recognition,drinking,0,0,0,0,0,0,0,0,0,0,0,0,0,0,1,0,0,0,0,0
data/external/actions/human_action_recognition_debug/000823_running.jpg,Bingsu/Human_Action_Recognition,running,0,0,0,0,0,0,1,0,0,0,0,0,0,0,0,0,0,1,1,0
data/external/actions/human_action_recognition_debug/000824_sitting.jpg,Bingsu/Human_Action_Recognition,sitting,0,1,0,0,0,0,0,0,0,0,0,0,0,0,0,0,1,0,0,0
data/external/actions/human_action_recognition_debug/000827_sleeping.jpg,Bingsu/Human_Action_Recognition,sleeping,0,0,1,0,0,0,0,0,0,0,0,0,0,0,0,0,1,0,0,0
data/external/actions/human_action_recognition_debug/000828_sitting.jpg,Bingsu/Human_Action_Recognition,sitting,0,1,0,0,0,0,0,0,0,0,0,0,0,0,0,0,1,0,0,0
data/external/actions/human_action_recognition_debug/000829_dancing.jpg,Bingsu/Human_Action_Recognition,dancing,0,0,0,0,0,0,0,0,0,0,1,0,0,0,0,0,0,1,0,0
data/external/actions/human_action_recognition_debug/000832_eating.jpg,Bingsu/Human_Action_Recognition,eating,0,0,0,0,0,0,0,0,0,0,0,0,0,1,0,0,0,0,0,0
data/external/actions/human_action_recognition_debug/000836_eating.jpg,Bingsu/Human_Action_Recognition,eating,0,0,0,0,0,0,0,0,0,0,0,0,0,1,0,0,0,0,0,0
data/external/actions/human_action_recognition_debug/000837_drinking.jpg,Bingsu/Human_Action_Recognition,drinking,0,0,0,0,0,0,0,0,0,0,0,0,0,0,1,0,0,0,0,0
data/external/actions/human_action_recognition_debug/000840_cycling.jpg,Bingsu/Human_Action_Recognition,cycling,0,0,0,0,0,0,0,0,1,0,0,0,0,0,0,0,0,1,0,0
data/external/actions/human_action_recognition_debug/000845_dancing.jpg,Bingsu/Human_Action_Recognition,dancing,0,0,0,0,0,0,0,0,0,0,1,0,0,0,0,0,0,1,0,0
data/external/actions/human_action_recognition_debug/000847_cycling.jpg,Bingsu/Human_Action_Recognition,cycling,0,0,0,0,0,0,0,0,1,0,0,0,0,0,0,0,0,1,0,0
data/external/actions/human_action_recognition_debug/000848_cycling.jpg,Bingsu/Human_Action_Recognition,cycling,0,0,0,0,0,0,0,0,1,0,0,0,0,0,0,0,0,1,0,0
data/external/actions/human_action_recognition_debug/000852_eating.jpg,Bingsu/Human_Action_Recognition,eating,0,0,0,0,0,0,0,0,0,0,0,0,0,1,0,0,0,0,0,0
data/external/actions/human_action_recognition_debug/000853_drinking.jpg,Bingsu/Human_Action_Recognition,drinking,0,0,0,0,0,0,0,0,0,0,0,0,0,0,1,0,0,0,0,0
data/external/actions/human_action_recognition_debug/000854_cycling.jpg,Bingsu/Human_Action_Recognition,cycling,0,0,0,0,0,0,0,0,1,0,0,0,0,0,0,0,0,1,0,0
data/external/actions/human_action_recognition_debug/000855_sitting.jpg,Bingsu/Human_Action_Recognition,sitting,0,1,0,0,0,0,0,0,0,0,0,0,0,0,0,0,1,0,0,0
data/external/actions/human_action_recognition_debug/000860_running.jpg,Bingsu/Human_Action_Recognition,running,0,0,0,0,0,0,1,0,0,0,0,0,0,0,0,0,0,1,1,0
data/external/actions/human_action_recognition_debug/000861_drinking.jpg,Bingsu/Human_Action_Recognition,drinking,0,0,0,0,0,0,0,0,0,0,0,0,0,0,1,0,0,0,0,0
data/external/actions/human_action_recognition_debug/000862_sitting.jpg,Bingsu/Human_Action_Recognition,sitting,0,1,0,0,0,0,0,0,0,0,0,0,0,0,0,0,1,0,0,0
data/external/actions/human_action_recognition_debug/000864_eating.jpg,Bingsu/Human_Action_Recognition,eating,0,0,0,0,0,0,0,0,0,0,0,0,0,1,0,0,0,0,0,0
data/external/actions/human_action_recognition_debug/000865_eating.jpg,Bingsu/Human_Action_Recognition,eating,0,0,0,0,0,0,0,0,0,0,0,0,0,1,0,0,0,0,0,0
data/external/actions/human_action_recognition_debug/000869_sitting.jpg,Bingsu/Human_Action_Recognition,sitting,0,1,0,0,0,0,0,0,0,0,0,0,0,0,0,0,1,0,0,0
data/external/actions/human_action_recognition_debug/000871_drinking.jpg,Bingsu/Human_Action_Recognition,drinking,0,0,0,0,0,0,0,0,0,0,0,0,0,0,1,0,0,0,0,0
data/external/actions/human_action_recognition_debug/000872_sleeping.jpg,Bingsu/Human_Action_Recognition,sleeping,0,0,1,0,0,0,0,0,0,0,0,0,0,0,0,0,1,0,0,0
data/external/actions/human_action_recognition_debug/000873_drinking.jpg,Bingsu/Human_Action_Recognition,drinking,0,0,0,0,0,0,0,0,0,0,0,0,0,0,1,0,0,0,0,0
data/external/actions/human_action_recognition_debug/000874_sleeping.jpg,Bingsu/Human_Action_Recognition,sleeping,0,0,1,0,0,0,0,0,0,0,0,0,0,0,0,0,1,0,0,0
data/external/actions/human_action_recognition_debug/000878_sleeping.jpg,Bingsu/Human_Action_Recognition,sleeping,0,0,1,0,0,0,0,0,0,0,0,0,0,0,0,0,1,0,0,0
data/external/actions/human_action_recognition_debug/000880_sitting.jpg,Bingsu/Human_Action_Recognition,sitting,0,1,0,0,0,0,0,0,0,0,0,0,0,0,0,0,1,0,0,0
data/external/actions/human_action_recognition_debug/000881_drinking.jpg,Bingsu/Human_Action_Recognition,drinking,0,0,0,0,0,0,0,0,0,0,0,0,0,0,1,0,0,0,0,0
data/external/actions/human_action_recognition_debug/000885_eating.jpg,Bingsu/Human_Action_Recognition,eating,0,0,0,0,0,0,0,0,0,0,0,0,0,1,0,0,0,0,0,0
data/external/actions/human_action_recognition_debug/000887_cycling.jpg,Bingsu/Human_Action_Recognition,cycling,0,0,0,0,0,0,0,0,1,0,0,0,0,0,0,0,0,1,0,0
data/external/actions/human_action_recognition_debug/000890_drinking.jpg,Bingsu/Human_Action_Recognition,drinking,0,0,0,0,0,0,0,0,0,0,0,0,0,0,1,0,0,0,0,0
data/external/actions/human_action_recognition_debug/000891_running.jpg,Bingsu/Human_Action_Recognition,running,0,0,0,0,0,0,1,0,0,0,0,0,0,0,0,0,0,1,1,0
data/external/actions/human_action_recognition_debug/000892_drinking.jpg,Bingsu/Human_Action_Recognition,drinking,0,0,0,0,0,0,0,0,0,0,0,0,0,0,1,0,0,0,0,0
data/external/actions/human_action_recognition_debug/000894_running.jpg,Bingsu/Human_Action_Recognition,running,0,0,0,0,0,0,1,0,0,0,0,0,0,0,0,0,0,1,1,0
data/external/actions/human_action_recognition_debug/000895_cycling.jpg,Bingsu/Human_Action_Recognition,cycling,0,0,0,0,0,0,0,0,1,0,0,0,0,0,0,0,0,1,0,0
data/external/actions/human_action_recognition_debug/000899_sleeping.jpg,Bingsu/Human_Action_Recognition,sleeping,0,0,1,0,0,0,0,0,0,0,0,0,0,0,0,0,1,0,0,0
data/external/actions/human_action_recognition_debug/000901_sleeping.jpg,Bingsu/Human_Action_Recognition,sleeping,0,0,1,0,0,0,0,0,0,0,0,0,0,0,0,0,1,0,0,0
data/external/actions/human_action_recognition_debug/000903_running.jpg,Bingsu/Human_Action_Recognition,running,0,0,0,0,0,0,1,0,0,0,0,0,0,0,0,0,0,1,1,0
data/external/actions/human_action_recognition_debug/000904_drinking.jpg,Bingsu/Human_Action_Recognition,drinking,0,0,0,0,0,0,0,0,0,0,0,0,0,0,1,0,0,0,0,0
data/external/actions/human_action_recognition_debug/000906_sitting.jpg,Bingsu/Human_Action_Recognition,sitting,0,1,0,0,0,0,0,0,0,0,0,0,0,0,0,0,1,0,0,0
data/external/actions/human_action_recognition_debug/000907_sleeping.jpg,Bingsu/Human_Action_Recognition,sleeping,0,0,1,0,0,0,0,0,0,0,0,0,0,0,0,0,1,0,0,0
data/external/actions/human_action_recognition_debug/000909_eating.jpg,Bingsu/Human_Action_Recognition,eating,0,0,0,0,0,0,0,0,0,0,0,0,0,1,0,0,0,0,0,0
data/external/actions/human_action_recognition_debug/000910_cycling.jpg,Bingsu/Human_Action_Recognition,cycling,0,0,0,0,0,0,0,0,1,0,0,0,0,0,0,0,0,1,0,0
data/external/actions/human_action_recognition_debug/000911_dancing.jpg,Bingsu/Human_Action_Recognition,dancing,0,0,0,0,0,0,0,0,0,0,1,0,0,0,0,0,0,1,0,0
data/external/actions/human_action_recognition_debug/000913_dancing.jpg,Bingsu/Human_Action_Recognition,dancing,0,0,0,0,0,0,0,0,0,0,1,0,0,0,0,0,0,1,0,0
data/external/actions/human_action_recognition_debug/000914_cycling.jpg,Bingsu/Human_Action_Recognition,cycling,0,0,0,0,0,0,0,0,1,0,0,0,0,0,0,0,0,1,0,0
data/external/actions/human_action_recognition_debug/000919_sitting.jpg,Bingsu/Human_Action_Recognition,sitting,0,1,0,0,0,0,0,0,0,0,0,0,0,0,0,0,1,0,0,0
data/external/actions/human_action_recognition_debug/000920_cycling.jpg,Bingsu/Human_Action_Recognition,cycling,0,0,0,0,0,0,0,0,1,0,0,0,0,0,0,0,0,1,0,0
data/external/actions/human_action_recognition_debug/000922_sitting.jpg,Bingsu/Human_Action_Recognition,sitting,0,1,0,0,0,0,0,0,0,0,0,0,0,0,0,0,1,0,0,0
data/external/actions/human_action_recognition_debug/000923_drinking.jpg,Bingsu/Human_Action_Recognition,drinking,0,0,0,0,0,0,0,0,0,0,0,0,0,0,1,0,0,0,0,0
data/external/actions/human_action_recognition_debug/000925_drinking.jpg,Bingsu/Human_Action_Recognition,drinking,0,0,0,0,0,0,0,0,0,0,0,0,0,0,1,0,0,0,0,0
data/external/actions/human_action_recognition_debug/000932_cycling.jpg,Bingsu/Human_Action_Recognition,cycling,0,0,0,0,0,0,0,0,1,0,0,0,0,0,0,0,0,1,0,0
data/external/actions/human_action_recognition_debug/000938_eating.jpg,Bingsu/Human_Action_Recognition,eating,0,0,0,0,0,0,0,0,0,0,0,0,0,1,0,0,0,0,0,0
data/external/actions/human_action_recognition_debug/000941_sitting.jpg,Bingsu/Human_Action_Recognition,sitting,0,1,0,0,0,0,0,0,0,0,0,0,0,0,0,0,1,0,0,0
data/external/actions/human_action_recognition_debug/000942_sitting.jpg,Bingsu/Human_Action_Recognition,sitting,0,1,0,0,0,0,0,0,0,0,0,0,0,0,0,0,1,0,0,0
data/external/actions/human_action_recognition_debug/000944_drinking.jpg,Bingsu/Human_Action_Recognition,drinking,0,0,0,0,0,0,0,0,0,0,0,0,0,0,1,0,0,0,0,0
data/external/actions/human_action_recognition_debug/000945_running.jpg,Bingsu/Human_Action_Recognition,running,0,0,0,0,0,0,1,0,0,0,0,0,0,0,0,0,0,1,1,0
data/external/actions/human_action_recognition_debug/000946_eating.jpg,Bingsu/Human_Action_Recognition,eating,0,0,0,0,0,0,0,0,0,0,0,0,0,1,0,0,0,0,0,0
data/external/actions/human_action_recognition_debug/000947_eating.jpg,Bingsu/Human_Action_Recognition,eating,0,0,0,0,0,0,0,0,0,0,0,0,0,1,0,0,0,0,0,0
data/external/actions/human_action_recognition_debug/000949_sleeping.jpg,Bingsu/Human_Action_Recognition,sleeping,0,0,1,0,0,0,0,0,0,0,0,0,0,0,0,0,1,0,0,0
data/external/actions/human_action_recognition_debug/000951_sitting.jpg,Bingsu/Human_Action_Recognition,sitting,0,1,0,0,0,0,0,0,0,0,0,0,0,0,0,0,1,0,0,0
data/external/actions/human_action_recognition_debug/000955_sleeping.jpg,Bingsu/Human_Action_Recognition,sleeping,0,0,1,0,0,0,0,0,0,0,0,0,0,0,0,0,1,0,0,0
data/external/actions/human_action_recognition_debug/000957_sitting.jpg,Bingsu/Human_Action_Recognition,sitting,0,1,0,0,0,0,0,0,0,0,0,0,0,0,0,0,1,0,0,0
data/external/actions/human_action_recognition_debug/000958_cycling.jpg,Bingsu/Human_Action_Recognition,cycling,0,0,0,0,0,0,0,0,1,0,0,0,0,0,0,0,0,1,0,0
data/external/actions/human_action_recognition_debug/000959_sleeping.jpg,Bingsu/Human_Action_Recognition,sleeping,0,0,1,0,0,0,0,0,0,0,0,0,0,0,0,0,1,0,0,0
data/external/actions/human_action_recognition_debug/000960_dancing.jpg,Bingsu/Human_Action_Recognition,dancing,0,0,0,0,0,0,0,0,0,0,1,0,0,0,0,0,0,1,0,0
data/external/actions/human_action_recognition_debug/000962_sleeping.jpg,Bingsu/Human_Action_Recognition,sleeping,0,0,1,0,0,0,0,0,0,0,0,0,0,0,0,0,1,0,0,0
data/external/actions/human_action_recognition_debug/000965_cycling.jpg,Bingsu/Human_Action_Recognition,cycling,0,0,0,0,0,0,0,0,1,0,0,0,0,0,0,0,0,1,0,0
data/external/actions/human_action_recognition_debug/000969_cycling.jpg,Bingsu/Human_Action_Recognition,cycling,0,0,0,0,0,0,0,0,1,0,0,0,0,0,0,0,0,1,0,0
data/external/actions/human_action_recognition_debug/000970_dancing.jpg,Bingsu/Human_Action_Recognition,dancing,0,0,0,0,0,0,0,0,0,0,1,0,0,0,0,0,0,1,0,0
data/external/actions/human_action_recognition_debug/000971_dancing.jpg,Bingsu/Human_Action_Recognition,dancing,0,0,0,0,0,0,0,0,0,0,1,0,0,0,0,0,0,1,0,0
data/external/actions/human_action_recognition_debug/000972_eating.jpg,Bingsu/Human_Action_Recognition,eating,0,0,0,0,0,0,0,0,0,0,0,0,0,1,0,0,0,0,0,0
data/external/actions/human_action_recognition_debug/000977_sitting.jpg,Bingsu/Human_Action_Recognition,sitting,0,1,0,0,0,0,0,0,0,0,0,0,0,0,0,0,1,0,0,0
data/external/actions/human_action_recognition_debug/000978_sitting.jpg,Bingsu/Human_Action_Recognition,sitting,0,1,0,0,0,0,0,0,0,0,0,0,0,0,0,0,1,0,0,0
data/external/actions/human_action_recognition_debug/000984_eating.jpg,Bingsu/Human_Action_Recognition,eating,0,0,0,0,0,0,0,0,0,0,0,0,0,1,0,0,0,0,0,0
data/external/actions/human_action_recognition_debug/000985_eating.jpg,Bingsu/Human_Action_Recognition,eating,0,0,0,0,0,0,0,0,0,0,0,0,0,1,0,0,0,0,0,0
data/external/actions/human_action_recognition_debug/000986_running.jpg,Bingsu/Human_Action_Recognition,running,0,0,0,0,0,0,1,0,0,0,0,0,0,0,0,0,0,1,1,0
data/external/actions/human_action_recognition_debug/000988_drinking.jpg,Bingsu/Human_Action_Recognition,drinking,0,0,0,0,0,0,0,0,0,0,0,0,0,0,1,0,0,0,0,0
data/external/actions/human_action_recognition_debug/000994_drinking.jpg,Bingsu/Human_Action_Recognition,drinking,0,0,0,0,0,0,0,0,0,0,0,0,0,0,1,0,0,0,0,0
data/external/actions/human_action_recognition_debug/000998_cycling.jpg,Bingsu/Human_Action_Recognition,cycling,0,0,0,0,0,0,0,0,1,0,0,0,0,0,0,0,0,1,0,0
